,AC,AF,AR,AS,AST,AY,AwayTeam,B365A,B365D,B365H,BSA,BSD,BSH,BWA,BWD,BWH,Bb1X2,BbAH,BbAHh,BbAv<2.5,BbAv>2.5,BbAvA,BbAvAHA,BbAvAHH,BbAvD,BbAvH,BbMx<2.5,BbMx>2.5,BbMxA,BbMxAHA,BbMxAHH,BbMxD,BbMxH,BbOU,Date,Div,FTAG,FTHG,FTR,GBA,GBD,GBH,HC,HF,HR,HS,HST,HTAG,HTHG,HTR,HY,HomeTeam,IWA,IWD,IWH,LBA,LBD,LBH,PSA,PSD,PSH,Referee,SBA,SBD,SBH,SJA,SJD,SJH,VCA,VCD,VCH,WHA,WHD,WHH
19,8,18,0,13,2,4,Bournemouth,8.0,4.75,1.45,,,,7.25,4.75,1.48,43,25.0,-1.0,2.05,1.75,7.71,2.17,1.72,4.46,1.44,2.2,1.83,8.6,2.26,1.76,5.0,1.5,42,17/08/15,E0,0,1,H,,,,6,11,0,18,2,0,1,H,1,Liverpool,7.3,4.4,1.4,7.5,4.5,1.45,8.6,4.74,1.44,C Pawson,,,,,,,8.5,4.75,1.45,6.5,4.2,1.5
33,7,11,1,12,5,1,West Ham,9.0,5.5,1.36,,,,7.25,5.0,1.36,40,26.0,-1.5,2.17,1.68,9.06,1.84,2.02,4.99,1.36,2.3,1.74,10.21,1.88,2.1,5.5,1.4,37,29/08/15,E0,3,0,A,,,,5,17,1,13,1,2,0,A,3,Liverpool,7.3,4.4,1.4,9.0,5.0,1.4,10.21,5.28,1.36,K Friend,,,,,,,9.5,5.4,1.36,9.5,4.5,1.36
57,2,13,0,7,2,2,Norwich,5.75,4.0,1.67,,,,5.5,3.8,1.67,40,25.0,-1.0,1.93,1.86,5.54,1.73,2.16,3.86,1.64,2.03,1.92,6.0,1.77,2.26,4.1,1.68,36,20/09/15,E0,1,1,D,,,,6,4,0,23,7,0,0,D,1,Liverpool,5.6,3.9,1.55,5.5,3.8,1.67,5.81,3.94,1.68,A Taylor,,,,,,,5.75,4.0,1.67,5.5,3.6,1.67
61,1,13,0,10,4,0,Aston Villa,7.0,4.33,1.53,,,,6.5,4.2,1.53,41,25.0,-1.0,1.84,1.95,6.81,1.98,1.89,4.13,1.52,1.95,2.05,7.5,2.02,1.93,4.4,1.56,37,26/09/15,E0,2,3,H,,,,11,8,0,21,12,0,1,H,0,Liverpool,6.1,4.0,1.5,7.0,4.0,1.53,7.48,4.28,1.53,J Moss,,,,,,,7.5,4.1,1.55,7.0,3.8,1.53
97,7,11,1,8,3,0,Southampton,3.8,3.6,2.05,,,,3.6,3.5,2.05,43,24.0,-0.5,1.84,1.95,3.74,1.83,2.04,3.43,2.05,1.91,2.06,4.0,1.86,2.08,3.62,2.1,39,25/10/15,E0,1,1,D,,,,10,8,0,15,2,0,0,D,1,Liverpool,4.0,3.45,1.85,3.75,3.4,2.1,3.87,3.56,2.08,A Marriner,,,,,,,3.8,3.5,2.1,3.9,3.3,2.1
119,6,6,0,9,4,2,Crystal Palace,6.0,3.8,1.67,,,,5.0,3.7,1.67,43,22.0,-0.75,1.87,1.92,5.39,2.0,1.86,3.8,1.66,1.94,2.0,6.0,2.06,1.91,4.0,1.7,37,08/11/15,E0,2,1,A,,,,14,7,0,22,4,1,1,D,1,Liverpool,5.4,3.7,1.6,5.5,3.75,1.7,5.73,3.99,1.68,N Swarbrick,,,,,,,5.75,4.0,1.67,6.0,3.2,1.7
136,7,6,0,8,0,1,Swansea,8.0,4.75,1.44,,,,7.5,4.4,1.45,48,29.0,-1.0,2.01,1.79,7.36,2.14,1.75,4.37,1.46,2.08,1.87,8.0,2.23,1.81,4.75,1.5,42,29/11/15,E0,0,1,H,,,,8,12,0,10,2,0,0,D,3,Liverpool,6.1,4.0,1.5,7.0,4.33,1.5,7.95,4.55,1.48,A Taylor,,,,,,,8.0,4.75,1.45,7.0,4.0,1.5
157,4,10,0,4,2,0,West Brom,10.0,4.75,1.4,,,,8.5,4.5,1.4,50,28.0,-1.5,1.78,2.02,8.84,1.67,2.27,4.42,1.41,1.87,2.1,10.0,1.7,2.38,4.8,1.45,45,13/12/15,E0,2,2,D,,,,4,7,0,28,8,1,1,D,0,Liverpool,7.3,4.4,1.4,9.0,4.33,1.4,9.0,4.59,1.45,C Pawson,,,,,,,9.5,4.6,1.44,9.0,4.33,1.4
173,6,8,0,7,3,1,Leicester,3.8,3.8,1.91,,,,3.75,3.7,1.95,49,29.0,-0.5,2.21,1.65,3.81,1.94,1.92,3.72,1.93,2.3,1.7,4.0,1.98,1.96,3.91,2.0,40,26/12/15,E0,0,1,H,,,,7,11,0,25,4,0,0,D,2,Liverpool,3.8,3.45,1.9,3.75,3.75,1.91,4.0,3.87,1.95,M Atkinson,,,,,,,4.0,3.8,1.95,3.8,3.5,1.95
204,3,7,0,14,5,0,Arsenal,2.6,3.4,2.88,,,,2.6,3.25,2.9,48,28.0,-0.25,1.93,1.87,2.51,1.6,2.41,3.37,2.83,2.05,1.96,2.6,1.64,2.5,3.58,2.95,43,13/01/16,E0,3,3,D,,,,9,9,0,22,6,2,2,D,2,Liverpool,2.4,3.3,2.75,2.5,3.3,2.75,2.57,3.58,2.84,M Jones,,,,,,,2.55,3.5,2.88,2.5,3.2,2.9
217,4,18,0,7,1,2,Man United,3.5,3.25,2.3,,,,3.5,3.1,2.3,44,28.0,-0.25,1.63,2.24,3.29,1.92,1.94,3.24,2.29,1.69,2.33,3.5,1.95,2.01,3.37,2.5,41,17/01/16,E0,1,0,A,,,,5,6,0,19,4,0,0,D,0,Liverpool,2.75,3.2,2.5,3.3,3.25,2.2,3.37,3.37,2.34,M Clattenburg,,,,,,,3.2,3.3,2.38,3.1,3.1,2.4
241,2,12,0,7,2,1,Sunderland,8.5,4.75,1.44,,,,8.0,4.33,1.44,45,28.0,-1.5,2.04,1.76,7.82,1.66,2.28,4.46,1.44,2.12,1.82,9.0,1.68,2.38,4.75,1.5,37,06/02/16,E0,2,2,D,,,,7,4,0,16,5,0,0,D,1,Liverpool,7.3,4.4,1.4,7.5,4.33,1.4,8.42,4.71,1.45,R Madley,,,,,,,8.5,4.6,1.44,8.0,4.2,1.44
274,2,14,0,4,2,1,Man City,2.88,3.4,2.63,,,,2.75,3.2,2.55,46,29.0,-0.25,1.87,1.93,2.79,1.71,2.2,3.33,2.57,1.95,2.0,2.88,1.75,2.27,3.51,2.7,39,02/03/16,E0,0,3,H,,,,3,14,0,11,7,0,2,H,0,Liverpool,2.6,3.2,2.6,2.8,3.4,2.62,2.81,3.5,2.64,M Atkinson,,,,,,,2.8,3.4,2.7,2.8,3.2,2.62
7,6,11,0,12,6,2,Southampton,10.0,5.75,1.33,,,,8.75,4.5,1.36,49,24.0,-1.5,2.3,1.6,9.0,1.87,2.0,5.16,1.34,2.54,1.66,11.0,1.94,2.04,5.8,1.38,41,17/08/14,E0,1,2,H,,,,2,8,0,12,5,0,1,H,1,Liverpool,7.6,4.8,1.35,9.0,5.0,1.36,10.3,5.48,1.35,M Clattenburg,,,,8.5,5.0,1.36,10.0,5.25,1.36,9.0,4.5,1.36
33,6,10,0,5,1,1,Aston Villa,11.0,6.0,1.3,,,,11.0,5.5,1.3,45,26.0,-1.5,2.42,1.53,10.79,2.04,1.82,5.58,1.29,2.58,1.59,12.0,2.1,1.88,6.0,1.33,37,13/09/14,E0,1,0,A,,,,7,9,0,18,1,1,0,A,2,Liverpool,10.0,5.2,1.27,11.0,5.5,1.3,11.85,5.92,1.3,L Mason,,,,9.5,5.5,1.29,11.5,6.0,1.3,11.0,5.0,1.3
54,2,9,0,11,5,1,Everton,4.33,3.75,1.91,,,,4.0,3.6,1.95,46,24.0,-0.5,2.33,1.58,4.0,1.94,1.93,3.63,1.91,2.48,1.63,4.33,1.98,2.0,3.8,2.01,38,27/09/14,E0,1,1,D,,,,8,8,0,24,8,0,0,D,2,Liverpool,4.2,3.5,1.8,4.2,3.8,1.85,4.04,3.81,1.96,M Atkinson,,,,,,,4.1,3.8,1.92,4.0,3.4,1.91
63,5,15,0,8,4,2,West Brom,7.5,5.0,1.44,,,,7.0,4.33,1.44,44,25.0,-1.5,2.29,1.6,7.36,1.71,2.19,4.63,1.43,2.41,1.68,8.2,1.77,2.28,5.0,1.46,36,04/10/14,E0,1,2,H,,,,5,12,0,19,7,0,1,H,2,Liverpool,7.0,4.0,1.45,7.0,4.75,1.45,7.95,4.78,1.46,M Oliver,,,,,,,8.0,4.8,1.45,7.0,4.33,1.44
80,1,17,0,6,3,2,Hull,8.0,4.75,1.44,,,,7.0,4.25,1.45,44,25.0,-1.5,2.32,1.59,7.75,1.72,2.18,4.55,1.43,2.48,1.63,9.0,1.76,2.26,5.0,1.47,37,25/10/14,E0,0,0,D,,,,14,12,0,17,4,0,0,D,3,Liverpool,6.8,4.6,1.4,7.5,4.5,1.44,8.29,4.84,1.44,N Swarbrick,,,,,,,8.0,4.75,1.45,7.0,4.5,1.4
101,7,12,0,15,5,5,Chelsea,2.3,3.4,3.4,,,,2.3,3.25,3.1,43,25.0,0.25,1.89,1.91,2.26,1.95,1.92,3.32,3.27,1.97,1.98,2.34,2.01,1.97,3.5,3.5,43,08/11/14,E0,2,1,A,,,,5,9,0,12,4,1,1,D,2,Liverpool,2.2,3.2,3.2,2.3,3.4,3.25,2.31,3.46,3.36,A Taylor,,,,,,,2.3,3.5,3.3,2.3,3.0,3.4
121,5,9,0,13,4,3,Stoke,5.0,4.0,1.73,,,,4.75,4.0,1.75,44,26.0,-0.75,1.94,1.86,5.11,1.97,1.9,3.77,1.69,2.0,1.96,5.5,2.01,1.97,4.0,1.77,45,29/11/14,E0,0,1,H,,,,5,11,0,16,3,0,0,D,0,Liverpool,4.7,3.6,1.7,5.0,4.0,1.66,5.31,3.91,1.74,C Pawson,,,,,,,5.5,3.9,1.7,5.0,3.5,1.73
141,7,15,0,7,1,3,Sunderland,7.5,4.5,1.5,,,,7.0,4.1,1.53,47,30.0,-1.0,1.97,1.83,7.0,2.08,1.8,4.23,1.49,2.06,1.92,8.0,2.15,1.86,4.55,1.6,46,06/12/14,E0,0,0,D,,,,5,12,0,15,2,0,0,D,1,Liverpool,5.4,3.7,1.6,6.5,4.2,1.53,7.25,4.46,1.52,N Swarbrick,,,,,,,8.0,4.4,1.5,6.0,4.0,1.53
167,6,14,0,7,3,3,Arsenal,2.6,3.5,2.8,,,,2.62,3.4,2.75,46,28.0,0.0,2.11,1.72,2.53,1.85,2.01,3.43,2.77,2.2,1.8,2.63,1.9,2.08,3.65,2.9,44,21/12/14,E0,2,2,D,,,,10,6,1,27,10,1,1,D,0,Liverpool,2.5,3.3,2.65,2.5,3.4,2.8,2.62,3.59,2.78,M Oliver,,,,,,,2.63,3.5,2.8,2.62,3.1,2.8
189,3,5,0,11,4,0,Swansea,5.5,4.0,1.7,,,,5.0,4.0,1.7,44,25.0,-0.75,1.95,1.84,5.31,2.0,1.87,3.72,1.67,2.04,1.92,5.8,2.05,1.92,4.0,1.73,42,29/12/14,E0,1,4,H,,,,6,8,0,21,11,0,1,H,1,Liverpool,5.0,3.55,1.67,5.0,3.8,1.67,5.55,3.91,1.71,A Marriner,,,,,,,5.5,4.0,1.7,5.0,3.5,1.73
192,5,10,0,16,3,2,Leicester,9.0,5.0,1.4,,,,7.75,5.0,1.4,46,25.0,-1.5,2.35,1.58,8.04,1.73,2.15,4.71,1.4,2.5,1.63,9.1,1.78,2.24,5.07,1.44,38,01/01/15,E0,2,2,D,,,,4,13,0,18,6,0,2,H,2,Liverpool,7.3,4.4,1.4,8.0,4.5,1.44,8.38,5.04,1.42,M Jones,,,,,,,8.5,5.0,1.4,8.0,4.5,1.4
223,7,12,0,7,2,1,West Ham,5.75,4.0,1.67,,,,4.5,3.8,1.7,48,30.0,-1.0,2.11,1.72,5.38,1.78,2.09,3.91,1.65,2.23,1.8,6.0,1.85,2.18,4.2,1.7,46,31/01/15,E0,0,2,H,,,,5,12,0,21,7,0,0,D,1,Liverpool,5.4,3.7,1.6,5.0,4.0,1.7,5.67,4.2,1.65,A Marriner,,,,,,,5.5,4.1,1.67,5.5,3.4,1.7
242,7,17,0,14,5,6,Tottenham,4.2,3.8,1.91,,,,4.0,3.75,1.91,49,25.0,-0.5,2.11,1.72,4.13,1.99,1.88,3.66,1.88,2.22,1.79,4.5,2.04,1.94,3.9,1.95,47,10/02/15,E0,2,3,H,,,,5,13,0,16,7,1,1,D,3,Liverpool,3.8,3.45,1.9,4.0,3.75,1.91,4.19,3.84,1.92,P Dowd,,,,,,,4.1,3.8,1.93,4.2,3.3,1.91
267,0,16,0,8,1,3,Man City,2.38,3.6,3.1,,,,2.4,3.4,3.0,46,25.0,0.25,2.08,1.74,2.36,2.01,1.86,3.44,3.02,2.16,1.82,2.43,2.08,1.9,3.6,3.2,43,01/03/15,E0,1,2,H,,,,3,8,0,11,5,1,1,D,1,Liverpool,2.4,3.3,2.75,2.3,3.5,3.1,2.36,3.59,3.16,M Clattenburg,,,,,,,2.4,3.5,3.1,2.4,3.1,3.1
271,5,14,0,9,1,1,Burnley,10.0,5.25,1.36,,,,9.25,5.0,1.36,46,26.0,-1.25,2.27,1.62,8.98,2.04,1.82,4.98,1.36,2.42,1.67,10.0,2.1,1.89,5.4,1.4,41,04/03/15,E0,0,2,H,,,,6,8,0,20,8,0,1,H,0,Liverpool,7.6,4.8,1.35,8.5,5.0,1.36,9.14,5.16,1.4,L Mason,,,,,,,9.5,5.25,1.36,9.5,4.33,1.36
297,3,17,0,6,4,2,Man United,3.6,3.4,2.05,,,,3.6,3.4,2.15,46,24.0,-0.5,1.88,1.91,3.57,1.78,2.09,3.37,2.11,1.98,1.99,3.8,1.84,2.15,3.55,2.3,44,22/03/15,E0,2,1,A,,,,2,14,1,7,1,1,0,A,2,Liverpool,3.2,3.2,2.2,3.6,3.4,2.1,3.76,3.49,2.14,M Atkinson,,,,,,,3.8,3.5,2.1,3.5,3.25,2.1
319,6,17,1,10,3,0,Newcastle,9.0,5.0,1.4,,,,8.25,5.0,1.4,47,29.0,-1.5,2.13,1.71,8.41,1.74,2.14,4.71,1.4,2.24,1.76,9.5,1.8,2.21,5.1,1.45,46,13/04/15,E0,0,2,H,,,,6,8,0,14,6,0,1,H,2,Liverpool,7.0,4.0,1.45,8.0,4.5,1.44,9.45,5.05,1.4,L Mason,,,,,,,9.5,5.0,1.4,8.0,4.5,1.4
341,6,18,1,10,2,3,QPR,10.0,5.25,1.36,,,,8.75,5.25,1.36,46,30.0,-1.5,2.29,1.6,8.69,1.81,2.06,4.97,1.37,2.5,1.68,10.0,1.87,2.14,5.3,1.4,39,02/05/15,E0,1,2,H,,,,9,9,0,25,8,0,1,H,2,Liverpool,6.4,4.6,1.42,8.0,5.0,1.4,9.56,5.2,1.38,M Atkinson,,,,,,,9.0,5.0,1.4,8.0,4.5,1.4
360,5,17,0,15,6,3,Crystal Palace,8.0,4.75,1.45,,,,7.0,4.75,1.45,44,28.0,-1.0,2.16,1.68,7.27,2.13,1.75,4.48,1.45,2.3,1.75,8.2,2.26,1.81,4.8,1.5,42,16/05/15,E0,3,1,A,,,,4,10,0,18,3,1,1,D,2,Liverpool,7.0,4.0,1.45,6.5,4.5,1.5,7.23,4.76,1.49,J Moss,,,,,,,7.5,4.75,1.45,8.0,4.2,1.44
1,6,11,0,10,4,1,Stoke,9.5,5.0,1.4,,,,8.25,4.33,1.4,32,,,2.02,1.79,8.88,,,4.54,1.38,2.12,1.86,10.0,,,4.95,1.44,30,17/08/13,E0,0,1,H,,,,12,11,0,26,11,0,1,H,1,Liverpool,7.3,4.4,1.4,7.5,4.2,1.44,9.35,4.88,1.41,M Atkinson,,,,9.5,4.5,1.36,9.5,5.0,1.4,9.0,4.6,1.36
28,7,15,0,10,4,4,Man United,2.88,3.4,2.63,,,,2.65,3.3,2.6,34,18.0,0.0,1.95,1.85,2.81,2.05,1.81,3.28,2.52,2.02,1.94,2.98,2.12,1.86,3.4,2.64,32,01/09/13,E0,0,1,H,,,,2,15,0,10,5,0,1,H,2,Liverpool,2.6,3.2,2.6,2.62,3.25,2.62,2.98,3.36,2.59,A Marriner,,,,2.63,3.4,2.63,2.88,3.4,2.62,2.8,3.2,2.6
41,6,9,0,12,7,1,Southampton,6.5,4.0,1.6,,,,5.75,4.0,1.57,36,21.0,-1.0,1.99,1.81,6.18,1.81,2.06,3.82,1.58,2.08,1.9,7.0,1.91,2.15,4.15,1.62,34,21/09/13,E0,1,0,A,,,,6,6,0,10,5,0,0,D,0,Liverpool,5.6,3.9,1.55,6.5,4.0,1.53,6.38,4.13,1.61,N Swarbrick,,,,6.0,4.0,1.57,6.0,4.1,1.62,6.0,3.6,1.62
63,3,6,0,11,2,1,Crystal Palace,17.0,7.5,1.2,,,,13.0,6.5,1.2,36,20.0,-2.0,2.47,1.51,14.01,1.85,2.02,6.48,1.21,2.68,1.6,17.0,1.9,2.09,7.6,1.23,25,05/10/13,E0,1,3,H,,,,11,11,0,13,7,0,3,H,2,Liverpool,12.0,5.5,1.22,13.0,6.0,1.22,15.66,7.04,1.23,A Taylor,,,,17.0,6.25,1.2,15.0,7.0,1.22,15.0,5.5,1.22
82,9,11,0,15,3,2,West Brom,8.0,4.75,1.44,,,,8.25,4.75,1.36,38,21.0,-1.5,2.36,1.55,7.61,1.72,2.16,4.66,1.41,2.53,1.62,8.5,1.77,2.25,5.04,1.45,30,26/10/13,E0,1,4,H,,,,3,14,0,18,7,0,2,H,0,Liverpool,7.5,4.6,1.37,7.5,4.5,1.4,8.23,4.96,1.43,J Moss,,,,8.5,4.8,1.36,8.0,5.0,1.44,6.5,4.5,1.44
103,3,9,0,4,1,1,Fulham,15.0,6.5,1.25,,,,11.0,5.5,1.26,37,19.0,-1.5,2.54,1.48,12.64,2.25,1.66,5.93,1.24,2.75,1.55,15.0,2.33,1.71,6.5,1.27,26,09/11/13,E0,0,4,H,,,,9,13,0,32,10,0,3,H,0,Liverpool,10.3,5.5,1.25,12.0,5.5,1.25,14.18,6.25,1.27,M Jones,,,,13.0,6.0,1.22,15.0,6.5,1.25,15.0,5.0,1.25
133,0,6,0,14,5,1,Norwich,12.0,6.0,1.29,,,,11.0,6.25,1.22,38,23.0,-1.5,2.61,1.45,11.08,2.09,1.76,5.81,1.26,3.0,1.5,12.56,2.16,1.84,6.35,1.3,28,04/12/13,E0,1,5,H,,,,4,10,0,28,12,0,3,H,3,Liverpool,10.3,5.5,1.25,11.0,6.0,1.25,12.1,6.26,1.29,A Taylor,,,,12.0,5.8,1.25,12.0,6.0,1.29,12.0,5.0,1.29
141,4,12,1,8,1,3,West Ham,12.0,6.0,1.29,,,,10.5,5.25,1.28,39,25.0,-1.5,2.42,1.52,10.36,2.03,1.81,5.58,1.29,2.55,1.58,12.1,2.1,1.88,6.04,1.32,29,07/12/13,E0,1,4,H,,,,8,9,0,32,9,0,1,H,0,Liverpool,10.3,5.5,1.25,10.0,5.5,1.28,12.06,6.03,1.3,M Oliver,,,,11.0,5.5,1.29,11.0,6.0,1.3,11.0,5.0,1.3
162,5,13,0,10,3,0,Cardiff,16.0,7.5,1.2,,,,12.0,6.75,1.2,38,20.0,-2.0,2.58,1.47,14.55,1.92,1.93,6.83,1.2,2.8,1.55,18.0,2.0,2.05,7.8,1.22,29,21/12/13,E0,1,3,H,,,,9,11,0,27,7,0,3,H,2,Liverpool,12.0,5.5,1.22,13.0,6.5,1.22,17.7,7.8,1.2,L Probert,,,,15.0,6.5,1.2,18.0,6.5,1.22,15.0,5.5,1.22
193,4,15,0,10,0,2,Hull,11.0,6.0,1.3,,,,10.5,5.75,1.25,38,20.0,-1.5,2.41,1.53,10.49,2.04,1.82,5.74,1.28,2.55,1.6,12.0,2.1,1.86,6.42,1.32,30,01/01/14,E0,0,2,H,,,,3,15,0,17,6,0,1,H,1,Liverpool,10.0,5.2,1.27,10.0,5.5,1.3,11.4,5.95,1.31,C Pawson,,,,11.0,6.0,1.25,10.5,5.5,1.3,9.5,6.0,1.22
212,3,18,0,12,3,4,Aston Villa,15.0,7.0,1.22,,,,11.5,6.75,1.2,42,24.0,-2.0,2.74,1.42,13.01,1.91,1.95,6.76,1.21,3.0,1.5,16.62,1.99,2.0,7.4,1.24,22,18/01/14,E0,2,2,D,,,,2,14,0,14,6,2,1,A,1,Liverpool,12.0,5.5,1.22,13.0,6.5,1.22,16.57,7.15,1.22,J Moss,,,,13.0,6.0,1.22,15.0,7.0,1.22,13.0,6.5,1.2
221,8,13,0,18,4,3,Everton,4.5,3.9,1.83,,,,4.33,3.8,1.75,43,21.0,-0.5,2.33,1.58,4.45,2.09,1.79,3.7,1.81,2.5,1.67,4.8,2.17,1.85,3.9,1.85,34,28/01/14,E0,0,4,H,,,,5,11,0,20,9,0,3,H,0,Liverpool,4.2,3.5,1.8,4.2,3.75,1.83,4.58,3.89,1.83,M Atkinson,,,,4.33,3.75,1.8,4.4,3.8,1.85,4.5,3.3,1.85
243,6,14,0,11,6,2,Arsenal,3.4,3.6,2.2,,,,3.25,3.5,2.1,43,23.0,-0.25,2.25,1.63,3.35,2.01,1.85,3.46,2.15,2.38,1.7,3.61,2.08,1.9,3.7,2.25,40,08/02/14,E0,1,5,H,,,,6,14,0,22,12,0,4,H,1,Liverpool,3.1,3.3,2.2,3.3,3.4,2.2,3.45,3.7,2.17,M Oliver,,,,3.3,3.6,2.1,3.4,3.6,2.2,3.5,3.1,2.2
265,5,11,0,14,5,0,Swansea,12.0,5.75,1.3,,,,9.0,5.25,1.31,43,23.0,-1.5,2.6,1.46,10.2,2.01,1.84,5.51,1.29,2.92,1.53,12.02,2.1,1.92,6.2,1.31,34,23/02/14,E0,3,4,H,,,,3,9,0,21,10,2,3,H,1,Liverpool,10.0,5.2,1.27,10.0,5.5,1.3,11.14,6.01,1.31,M Jones,,,,10.0,5.8,1.29,11.0,5.75,1.3,11.0,5.0,1.3
304,4,15,0,12,4,2,Sunderland,19.0,9.0,1.17,,,,14.5,7.5,1.16,48,25.0,-2.0,3.06,1.36,15.81,2.14,1.73,7.9,1.16,3.4,1.4,21.02,2.32,1.77,9.0,1.2,38,26/03/14,E0,1,2,H,,,,3,5,0,21,7,0,1,H,0,Liverpool,13.0,5.8,1.2,15.0,7.5,1.16,21.02,8.65,1.17,K Friend,,,,17.0,7.0,1.17,18.0,8.0,1.18,15.0,7.0,1.17
314,7,9,0,15,4,2,Tottenham,7.5,4.75,1.48,,,,7.0,4.6,1.42,46,23.0,-1.0,2.67,1.45,6.76,2.23,1.68,4.65,1.45,2.92,1.5,7.51,2.34,1.72,5.1,1.5,38,30/03/14,E0,0,4,H,,,,5,9,0,11,5,0,2,H,0,Liverpool,6.1,4.0,1.5,6.5,4.5,1.44,7.35,5.05,1.46,P Dowd,,,,6.5,4.5,1.44,7.5,5.0,1.44,7.0,4.33,1.44
332,7,9,0,13,5,3,Man City,2.9,3.7,2.45,,,,2.9,3.3,2.35,48,25.0,0.0,2.5,1.51,2.88,2.09,1.76,3.51,2.39,2.88,1.55,3.1,2.2,1.82,3.75,2.5,38,13/04/14,E0,2,3,H,,,,7,7,1,10,4,0,2,H,1,Liverpool,3.0,3.2,2.3,2.8,3.6,2.4,2.92,3.72,2.45,M Clattenburg,,,,2.8,3.6,2.4,2.88,3.7,2.45,2.9,3.1,2.5
354,3,7,0,11,4,4,Chelsea,5.25,4.2,1.67,,,,4.75,4.1,1.62,47,22.0,-1.0,2.33,1.58,5.03,1.74,2.12,3.93,1.67,2.5,1.65,5.5,1.81,2.23,4.22,1.73,37,27/04/14,E0,2,0,A,,,,14,9,0,26,8,1,0,A,0,Liverpool,5.1,3.6,1.65,5.0,3.75,1.66,5.28,4.15,1.69,M Atkinson,,,,5.0,4.0,1.67,5.5,4.0,1.67,5.0,3.6,1.7
373,2,16,2,8,2,3,Newcastle,13.0,7.5,1.22,,,,12.5,6.5,1.2,50,25.0,-2.25,3.55,1.29,12.43,1.83,2.05,7.14,1.2,3.95,1.33,15.0,1.87,2.11,8.03,1.24,38,11/05/14,E0,1,2,H,,,,6,8,0,13,5,1,0,A,1,Liverpool,12.5,6.0,1.2,13.0,6.5,1.2,13.96,8.03,1.21,P Dowd,,,,12.0,7.0,1.18,13.0,7.5,1.2,12.0,6.0,1.22
18,4,7,0,11,5,0,Man City,2.3,3.4,3.1,2.3,3.4,3.0,2.35,3.5,3.0,33,22.0,0.25,1.85,1.94,2.36,2.04,1.83,3.33,2.98,1.92,2.03,2.48,2.13,1.87,3.45,3.15,33,26/08/12,E0,2,2,D,2.35,3.5,3.0,4,10,0,15,8,0,1,H,1,Liverpool,2.35,3.2,2.75,2.25,3.3,3.1,2.42,3.46,3.14,A Marriner,,,,2.38,3.3,3.0,2.4,3.4,3.1,2.38,3.4,2.9
26,2,7,0,11,7,2,Arsenal,3.75,3.5,2.0,3.6,3.3,2.1,3.75,3.4,2.05,37,22.0,-0.25,1.89,1.92,3.63,2.1,1.78,3.38,2.06,1.93,2.02,4.0,2.15,1.81,3.54,2.11,36,02/09/12,E0,2,0,A,3.75,3.4,2.05,10,12,0,17,8,1,0,A,2,Liverpool,3.2,3.2,2.1,3.6,3.2,2.1,3.82,3.54,2.1,H Webb,,,,4.0,3.25,2.05,3.9,3.5,2.05,3.6,3.4,2.05
45,3,7,0,8,4,2,Man United,2.63,3.3,2.7,2.6,3.2,2.7,2.6,3.4,2.75,38,22.0,0.0,1.86,1.94,2.63,1.94,1.91,3.26,2.69,1.95,2.0,2.8,2.02,1.96,3.4,2.88,33,23/09/12,E0,2,1,A,2.6,3.4,2.75,7,14,1,13,8,0,0,D,1,Liverpool,2.45,3.2,2.65,2.25,3.2,2.7,2.79,3.37,2.74,M Halsey,,,,2.5,3.3,2.88,2.75,3.3,2.75,2.8,2.88,2.8
65,5,16,0,5,3,6,Stoke,7.5,4.33,1.44,7.0,4.0,1.5,7.0,4.1,1.53,38,22.0,-1.0,1.91,1.9,7.19,2.1,1.78,4.15,1.48,1.98,1.97,8.3,2.16,1.82,4.48,1.53,34,07/10/12,E0,0,0,D,7.0,4.1,1.53,5,9,0,16,5,0,0,D,0,Liverpool,6.3,3.9,1.5,7.0,4.0,1.5,8.16,4.47,1.48,L Mason,,,,8.0,4.0,1.44,8.0,4.33,1.5,7.0,3.75,1.53
70,5,6,0,8,5,1,Reading,10.0,5.0,1.33,8.5,5.0,1.33,9.0,5.25,1.3,35,23.0,-1.5,2.28,1.62,9.02,1.85,2.02,4.92,1.35,2.39,1.7,10.0,1.92,2.1,5.4,1.4,30,20/10/12,E0,0,1,H,9.0,5.25,1.3,6,13,0,23,13,0,1,H,1,Liverpool,7.9,4.7,1.35,9.0,4.5,1.36,10.18,5.48,1.35,R East,,,,9.5,4.8,1.33,10.0,5.25,1.36,9.0,4.2,1.4
96,3,13,1,10,3,1,Newcastle,6.0,4.0,1.57,5.5,3.8,1.62,6.0,4.0,1.6,35,23.0,-1.0,2.08,1.75,6.11,1.99,1.88,4.05,1.55,2.16,1.83,6.89,2.04,1.94,4.39,1.62,32,04/11/12,E0,1,1,D,6.0,4.0,1.6,14,10,0,20,12,1,0,A,0,Liverpool,5.6,3.9,1.55,6.0,3.75,1.57,6.89,4.39,1.54,A Taylor,,,,6.0,4.0,1.57,6.5,4.2,1.57,6.0,4.0,1.55
110,5,11,0,9,3,3,Wigan,7.5,4.33,1.44,7.5,4.5,1.4,7.0,4.33,1.44,37,21.0,-1.0,2.19,1.66,6.95,2.09,1.79,4.33,1.46,2.32,1.75,8.0,2.16,1.82,4.75,1.5,35,17/11/12,E0,0,3,H,7.0,4.33,1.44,10,9,0,22,11,0,0,D,0,Liverpool,7.0,4.0,1.45,7.0,4.33,1.44,7.49,4.7,1.49,K Friend,,,,7.0,4.5,1.44,7.5,4.6,1.45,7.5,4.33,1.44
141,4,8,0,8,4,0,Southampton,8.5,4.5,1.4,7.5,4.5,1.4,7.5,4.5,1.4,40,25.0,-1.25,2.31,1.6,7.86,1.97,1.9,4.59,1.4,2.5,1.65,9.0,2.02,1.97,5.11,1.44,39,01/12/12,E0,0,1,H,7.5,4.5,1.4,10,10,0,24,11,0,1,H,2,Liverpool,7.3,4.4,1.4,7.0,4.33,1.44,8.48,4.99,1.43,M Oliver,,,,7.5,4.8,1.4,8.5,4.75,1.44,8.0,4.0,1.44
160,2,11,0,9,6,2,Aston Villa,9.0,4.75,1.36,9.0,4.33,1.36,9.25,4.5,1.35,40,25.0,-1.25,2.09,1.73,9.04,2.07,1.8,4.61,1.37,2.18,1.8,10.05,2.14,1.91,5.13,1.4,39,15/12/12,E0,3,1,A,9.25,4.5,1.35,7,4,0,26,17,2,0,A,1,Liverpool,7.3,4.4,1.4,8.0,4.5,1.4,9.75,5.13,1.38,N Swarbrick,,,,9.0,4.5,1.36,9.5,4.8,1.4,8.5,4.75,1.33
169,2,6,0,7,6,2,Fulham,6.5,4.0,1.53,6.0,3.75,1.57,6.25,3.7,1.57,41,27.0,-1.0,2.17,1.67,6.37,2.03,1.83,4.0,1.53,2.3,1.72,7.38,2.1,1.9,4.36,1.57,37,22/12/12,E0,0,4,H,6.25,3.7,1.57,8,13,0,22,12,0,2,H,1,Liverpool,5.6,3.75,1.57,6.0,3.75,1.57,7.38,4.36,1.53,M Clattenburg,,,,6.0,4.0,1.57,7.0,4.1,1.57,7.0,3.5,1.57
206,5,5,0,6,5,1,Sunderland,8.5,4.5,1.4,8.0,4.5,1.4,8.25,4.33,1.4,41,26.0,-1.25,2.1,1.72,8.51,2.08,1.79,4.63,1.38,2.24,1.77,10.25,2.18,1.92,5.05,1.45,39,02/01/13,E0,0,3,H,8.25,4.33,1.4,9,8,0,27,16,0,2,H,0,Liverpool,7.0,4.0,1.45,8.0,4.5,1.4,10.25,5.05,1.38,P Dowd,,,,8.0,4.5,1.4,9.0,5.0,1.4,9.5,4.0,1.4
219,4,8,0,5,3,1,Norwich,10.5,5.5,1.33,9.0,5.0,1.33,9.75,5.25,1.3,40,25.0,-1.5,2.48,1.51,9.66,2.0,1.86,5.25,1.31,2.72,1.57,11.0,2.1,1.91,5.75,1.36,30,19/01/13,E0,0,5,H,9.75,5.25,1.3,10,10,0,17,10,0,2,H,1,Liverpool,8.3,4.8,1.33,8.5,5.0,1.33,10.52,5.75,1.33,M Oliver,,,,9.5,5.0,1.33,10.0,5.75,1.33,9.0,4.5,1.36
259,5,9,0,4,3,4,West Brom,9.0,5.0,1.4,9.0,4.5,1.36,8.5,5.0,1.34,40,25.0,-1.5,2.26,1.61,8.54,1.82,2.04,4.77,1.37,2.4,1.68,9.5,1.87,2.11,5.28,1.4,27,11/02/13,E0,2,0,A,8.5,5.0,1.34,13,9,0,23,14,0,0,D,1,Liverpool,7.5,4.6,1.37,7.5,4.5,1.4,9.9,5.26,1.37,J Moss,,,,8.0,4.5,1.4,8.5,5.0,1.4,8.0,4.5,1.4
260,1,9,0,4,3,1,Swansea,6.0,4.4,1.57,5.5,4.0,1.57,5.5,4.1,1.57,37,19.0,-1.0,2.2,1.66,5.84,2.02,1.85,4.14,1.55,2.33,1.71,6.5,2.09,1.93,4.47,1.6,33,17/02/13,E0,0,5,H,5.5,4.1,1.57,10,6,0,33,18,0,1,H,0,Liverpool,5.6,3.9,1.55,6.0,4.0,1.53,6.5,4.47,1.56,H Webb,,,,6.0,4.0,1.57,6.0,4.2,1.6,5.5,4.0,1.57
284,4,8,0,15,9,1,Tottenham,4.0,3.8,1.95,3.9,3.6,1.91,3.8,3.8,1.85,35,21.0,-0.75,2.22,1.64,3.94,1.83,2.05,3.67,1.88,2.34,1.7,4.24,1.87,2.1,4.05,2.0,35,10/03/13,E0,2,3,H,3.8,3.8,1.85,1,9,0,10,4,1,1,D,1,Liverpool,3.6,3.3,2.0,3.75,3.6,1.9,4.13,3.86,1.93,M Oliver,,,,3.8,3.8,1.91,3.9,3.9,1.95,4.0,3.3,1.95
311,2,4,0,10,4,1,West Ham,9.0,5.5,1.36,9.0,5.0,1.33,8.0,5.0,1.35,39,25.0,-1.5,2.37,1.55,8.99,1.92,1.94,5.01,1.34,2.56,1.6,10.0,1.96,1.99,5.5,1.37,25,07/04/13,E0,0,0,D,8.0,5.0,1.35,12,8,0,19,12,0,0,D,0,Liverpool,7.6,4.8,1.35,7.5,5.0,1.36,10.02,5.5,1.35,A Taylor,,,,9.5,5.0,1.33,9.5,5.4,1.36,8.0,5.0,1.36
334,5,11,0,9,6,2,Chelsea,3.6,3.6,2.15,3.4,3.4,2.1,3.4,3.5,2.05,39,24.0,-0.25,2.09,1.73,3.46,2.07,1.81,3.41,2.11,2.24,1.8,3.77,2.15,1.86,3.61,2.2,37,21/04/13,E0,2,2,D,3.4,3.5,2.05,8,8,0,23,12,1,0,A,5,Liverpool,3.1,3.3,2.2,3.25,3.3,2.2,3.68,3.55,2.14,K Friend,,,,3.5,3.5,2.1,3.4,3.6,2.2,3.25,3.3,2.2
354,5,10,0,11,4,2,Everton,4.2,3.6,1.95,4.0,3.5,1.95,3.9,3.4,1.95,41,26.0,-0.25,2.04,1.78,4.02,2.29,1.66,3.47,1.92,2.14,1.87,4.4,2.39,1.7,3.77,2.0,39,05/05/13,E0,0,0,D,3.9,3.4,1.95,3,10,0,16,8,0,0,D,1,Liverpool,3.6,3.3,2.0,3.75,3.5,1.95,4.28,3.77,1.92,M Oliver,,,,3.75,3.6,2.0,4.33,3.6,1.95,4.2,3.2,1.95
371,0,3,0,10,3,3,QPR,12.0,7.0,1.25,12.0,6.0,1.22,12.0,6.5,1.2,41,26.0,-1.75,2.79,1.41,11.86,2.0,1.87,6.1,1.23,3.0,1.47,15.09,2.06,1.91,7.0,1.26,26,19/05/13,E0,0,1,H,12.0,6.5,1.2,14,7,0,27,20,0,1,H,1,Liverpool,12.0,5.5,1.22,11.0,6.0,1.25,15.09,6.77,1.24,M Atkinson,,,,13.0,6.0,1.22,12.0,7.0,1.25,12.0,5.5,1.25
2,3,12,0,15,6,4,Sunderland,7.0,3.6,1.57,7.0,3.75,1.5,7.5,3.85,1.45,37,21.0,-1.0,1.92,1.85,7.3,1.98,1.88,3.92,1.5,2.01,1.92,8.04,2.02,1.92,4.2,1.57,37,13/08/11,E0,1,1,D,7.0,3.75,1.5,6,17,0,11,4,0,1,H,4,Liverpool,7.0,4.1,1.4,7.5,3.75,1.5,,,,P Dowd,7.5,4.0,1.4,7.5,3.9,1.5,7.5,4.0,1.53,6.5,3.75,1.57
22,6,7,0,7,4,2,Bolton,8.5,4.5,1.4,8.0,4.33,1.4,8.5,4.0,1.42,44,26.0,-1.25,2.09,1.7,8.11,1.91,1.95,4.35,1.41,2.2,1.77,8.96,1.95,2.0,4.75,1.45,41,27/08/11,E0,1,3,H,8.0,4.2,1.4,12,5,0,17,9,0,1,H,0,Liverpool,7.3,4.5,1.35,8.0,4.5,1.4,,,,L Probert,7.5,4.33,1.36,8.0,4.33,1.4,9.0,4.6,1.44,8.0,4.0,1.44
51,2,6,0,11,6,4,Wolves,10.0,4.5,1.36,9.0,4.0,1.4,9.0,4.6,1.35,44,25.0,-1.25,2.05,1.75,8.62,2.02,1.85,4.59,1.38,2.16,1.82,10.0,2.07,1.88,5.0,1.4,38,24/09/11,E0,1,2,H,9.0,4.5,1.35,7,15,0,14,6,0,2,H,3,Liverpool,7.2,4.3,1.37,9.0,4.33,1.4,,,,K Friend,8.0,4.33,1.35,10.0,5.0,1.33,10.0,4.75,1.4,8.0,4.5,1.4
70,3,11,0,10,3,3,Man United,2.4,3.3,3.0,2.4,3.4,2.75,2.35,3.3,3.1,48,24.0,0.0,1.87,1.91,2.43,1.75,2.08,3.25,2.95,1.94,1.98,2.57,1.83,2.15,3.4,3.2,44,15/10/11,E0,1,1,D,2.4,3.25,2.9,8,8,0,14,8,0,0,D,1,Liverpool,2.4,3.2,2.7,2.5,3.0,3.2,,,,A Marriner,2.4,3.2,2.9,2.4,3.3,3.0,2.5,3.3,3.0,2.5,3.1,3.2
81,3,8,0,12,10,1,Norwich,11.0,5.5,1.29,11.0,5.0,1.29,10.5,5.0,1.29,48,29.0,-1.5,2.2,1.64,10.77,1.99,1.86,5.16,1.29,2.4,1.7,12.12,2.05,1.91,5.72,1.33,41,22/10/11,E0,1,1,D,10.0,4.75,1.3,10,6,0,25,15,0,1,H,0,Liverpool,7.8,4.6,1.33,10.0,5.0,1.3,,,,P Walton,11.0,5.0,1.285,11.0,5.25,1.3,12.0,5.5,1.3,9.0,4.75,1.33
102,4,5,0,9,3,1,Swansea,10.0,5.5,1.29,11.0,5.25,1.29,9.0,5.25,1.3,49,29.0,-1.5,2.22,1.6,10.42,1.92,1.93,5.15,1.3,2.3,1.68,12.0,1.96,1.98,5.65,1.36,31,05/11/11,E0,0,0,D,9.0,5.0,1.3,11,13,0,18,10,0,0,D,2,Liverpool,10.0,5.0,1.25,10.0,5.5,1.29,,,,P Dowd,11.0,4.75,1.3,11.0,5.5,1.29,11.0,5.5,1.3,10.0,4.33,1.36
127,5,13,1,7,3,4,Man City,2.63,3.2,2.75,2.5,3.25,2.7,2.4,3.2,2.9,44,24.0,0.0,1.94,1.84,2.51,1.83,1.99,3.26,2.78,2.01,1.91,2.71,1.9,2.06,3.43,2.9,42,27/11/11,E0,1,1,D,2.5,3.2,2.75,8,11,0,17,9,1,1,D,1,Liverpool,2.4,3.2,2.7,2.4,3.3,2.88,,,,M Atkinson,2.4,3.3,2.85,2.63,3.3,2.7,2.6,3.4,2.88,2.45,3.4,2.8
141,5,5,0,6,2,0,QPR,10.0,5.0,1.33,10.0,4.75,1.33,11.0,4.75,1.3,48,31.0,-1.5,2.19,1.65,10.5,1.92,1.92,4.92,1.31,2.28,1.74,12.0,1.98,1.98,5.54,1.33,40,10/12/11,E0,0,1,H,9.0,4.75,1.33,17,12,0,21,15,0,0,D,2,Liverpool,7.8,4.6,1.33,11.0,4.5,1.33,,,,L Mason,9.5,5.0,1.3,10.0,4.75,1.33,12.0,5.5,1.3,9.5,4.5,1.3
171,2,15,0,5,2,0,Blackburn,13.0,5.5,1.25,13.0,5.5,1.25,12.0,5.75,1.23,31,13.0,-1.75,2.27,1.58,13.17,2.02,1.83,5.52,1.25,2.49,1.65,16.82,2.08,1.87,6.28,1.3,27,26/12/11,E0,1,1,D,13.0,5.0,1.25,9,5,0,28,13,1,0,A,1,Liverpool,8.5,4.8,1.3,10.0,4.5,1.3,,,,M Jones,12.0,5.25,1.25,13.0,5.5,1.25,15.0,6.0,1.25,12.0,5.5,1.25
179,0,11,0,5,2,2,Newcastle,6.5,4.0,1.53,6.0,3.75,1.57,6.25,4.0,1.57,41,25.0,-1.0,1.83,1.95,6.53,1.95,1.91,3.94,1.54,1.91,2.06,7.4,2.03,2.02,4.35,1.6,41,30/12/11,E0,1,3,H,6.0,3.6,1.57,7,7,0,15,7,1,1,D,0,Liverpool,5.0,3.6,1.6,6.0,3.8,1.57,,,,L Probert,6.5,3.75,1.533,6.0,3.9,1.57,7.0,4.2,1.53,6.0,4.0,1.53
203,1,11,0,3,1,3,Stoke,9.0,4.33,1.4,8.0,4.0,1.44,8.0,4.25,1.45,42,22.0,-1.25,1.93,1.85,8.06,1.9,1.96,4.28,1.42,2.01,1.94,9.22,1.95,2.02,4.62,1.45,40,14/01/12,E0,0,0,D,7.0,4.5,1.4,11,6,0,13,5,0,0,D,0,Liverpool,6.5,3.9,1.45,8.0,4.0,1.44,,,,H Webb,8.0,4.333,1.4,8.0,4.2,1.44,8.5,4.33,1.4,8.0,4.0,1.44
239,4,11,0,9,6,2,Tottenham,3.8,3.4,2.0,3.25,3.25,2.15,3.6,3.3,2.15,39,16.0,-0.25,1.77,2.03,3.54,2.1,1.79,3.33,2.09,1.88,2.11,3.9,2.17,1.85,3.48,2.15,33,06/02/12,E0,0,0,D,3.5,3.3,2.05,7,6,0,15,10,0,0,D,2,Liverpool,3.1,3.2,2.15,3.4,3.3,2.15,,,,M Oliver,3.4,3.3,2.1,3.6,3.3,2.1,3.8,3.4,2.1,3.0,3.2,2.1
260,0,9,0,10,7,1,Arsenal,3.75,3.5,2.0,3.75,3.4,2.0,3.75,3.4,2.05,41,19.0,-0.5,1.93,1.85,3.74,1.88,2.0,3.41,2.0,2.04,1.91,4.05,1.91,2.03,3.66,2.1,38,03/03/12,E0,2,1,A,3.75,3.25,2.0,12,11,0,12,4,1,1,D,0,Liverpool,3.2,3.3,2.05,3.6,3.3,2.05,,,,M Halsey,3.6,3.4,2.0,3.9,3.4,2.0,3.8,3.6,2.05,3.8,3.1,2.1
279,4,7,0,5,3,4,Everton,5.5,3.4,1.73,4.75,3.4,1.8,5.5,3.6,1.7,38,17.0,-0.75,1.74,2.07,5.11,1.93,1.95,3.5,1.74,1.85,2.16,5.5,1.98,1.98,3.7,1.8,35,13/03/12,E0,0,3,H,4.5,3.5,1.75,4,6,0,15,10,0,1,H,1,Liverpool,4.0,3.4,1.8,4.5,3.5,1.8,,,,P Dowd,5.0,3.5,1.7,5.25,3.25,1.8,5.5,3.5,1.75,5.0,3.25,1.8
292,0,10,0,6,5,2,Wigan,11.0,5.5,1.29,11.0,5.0,1.29,12.5,5.25,1.25,40,22.0,-1.5,2.24,1.62,11.29,2.02,1.84,5.16,1.29,2.38,1.71,13.24,2.07,1.93,5.58,1.35,36,24/03/12,E0,2,1,A,9.0,5.0,1.3,6,14,0,12,9,1,0,A,1,Liverpool,7.3,4.5,1.35,11.0,5.0,1.29,,,,L Mason,10.0,5.2,1.285,12.0,5.0,1.3,13.0,5.5,1.3,11.0,4.5,1.33
312,3,9,0,5,3,1,Aston Villa,7.5,4.33,1.44,8.5,4.33,1.4,7.0,4.33,1.44,40,20.0,-1.0,2.05,1.75,7.78,2.23,1.69,4.26,1.44,2.18,1.83,8.9,2.31,1.74,4.69,1.5,37,07/04/12,E0,1,1,D,7.5,4.0,1.45,11,4,0,21,5,1,0,A,1,Liverpool,5.7,3.8,1.5,8.0,4.0,1.44,,,,M Oliver,7.5,4.0,1.45,8.0,4.2,1.44,8.5,4.6,1.45,7.0,4.33,1.44
342,3,8,0,9,4,0,West Brom,7.5,4.33,1.44,7.0,4.33,1.44,7.0,4.33,1.44,38,18.0,-1.25,2.16,1.67,7.52,2.0,1.88,4.4,1.43,2.32,1.73,8.74,2.04,1.91,4.88,1.5,37,22/04/12,E0,1,0,A,7.0,4.0,1.45,15,10,0,28,12,0,0,D,2,Liverpool,6.5,3.8,1.47,7.0,4.33,1.44,,,,N Swarbrick,7.0,4.6,1.4,7.5,4.33,1.44,8.0,4.75,1.45,7.5,4.2,1.44
356,4,7,0,7,4,0,Fulham,5.5,4.0,1.62,6.0,3.8,1.57,5.0,3.9,1.62,42,21.0,-1.0,2.03,1.77,5.83,1.83,2.05,3.88,1.6,2.1,1.85,6.28,1.88,2.12,4.15,1.64,40,01/05/12,E0,1,0,A,5.5,3.75,1.6,5,11,0,18,5,1,0,A,0,Liverpool,5.4,3.7,1.55,6.0,3.6,1.62,,,,L Probert,5.5,3.75,1.6,6.0,3.9,1.57,6.0,4.1,1.62,5.5,4.0,1.6
369,4,13,0,9,5,4,Chelsea,3.4,3.5,2.1,3.4,3.5,2.1,3.3,3.4,2.1,42,22.0,-0.25,1.96,1.83,3.33,2.03,1.85,3.46,2.15,2.08,1.91,3.52,2.11,1.91,3.6,2.38,40,08/05/12,E0,1,4,H,3.25,3.4,2.1,7,15,0,23,13,0,3,H,2,Liverpool,2.8,3.3,2.25,3.2,3.4,2.2,,,,K Friend,3.2,3.5,2.1,3.5,3.25,2.1,3.4,3.6,2.2,3.5,3.2,2.15
8,11,15,1,14,7,3,Arsenal,2.88,3.25,2.5,2.88,3.25,2.38,2.75,3.25,2.45,39,31.0,0.0,1.62,2.21,2.89,2.06,1.74,3.24,2.47,1.7,2.35,3.07,2.15,1.83,3.35,2.6,35,15/08/10,E0,1,1,D,2.75,3.25,2.5,9,13,1,7,4,0,0,D,1,Liverpool,2.7,3.2,2.4,2.88,3.3,2.4,,,,M Atkinson,2.7,3.15,2.4,2.8,3.25,2.5,3.0,3.2,2.5,2.88,3.2,2.5
28,6,8,1,14,5,0,West Brom,15.0,6.0,1.22,15.0,6.0,1.2,12.5,5.5,1.22,39,16.0,-1.75,2.28,1.58,13.58,1.89,1.98,5.79,1.22,2.42,1.64,16.0,1.92,2.04,6.35,1.26,30,29/08/10,E0,0,1,H,13.0,6.0,1.2,7,9,0,11,7,0,0,D,0,Liverpool,12.0,5.5,1.2,13.0,6.0,1.22,,,,L Probert,12.0,5.75,1.18,13.0,6.0,1.22,15.0,5.5,1.25,15.0,6.0,1.2
54,3,7,0,10,1,1,Sunderland,7.5,4.33,1.44,7.5,4.0,1.44,7.0,4.0,1.45,31,16.0,0.0,1.85,1.9,7.86,5.59,1.12,4.09,1.45,1.97,2.0,9.18,6.07,1.15,4.5,1.5,31,25/09/10,E0,2,2,D,6.5,4.25,1.45,3,15,0,13,5,1,1,D,3,Liverpool,6.5,3.9,1.45,7.0,4.0,1.5,,,,S Attwell,7.5,4.0,1.4,8.0,4.0,1.44,8.5,4.33,1.44,7.5,4.2,1.44
68,2,10,0,11,7,1,Blackpool,10.0,5.0,1.33,11.0,4.75,1.29,9.75,4.75,1.3,31,16.0,-1.5,2.26,1.58,10.2,1.89,1.98,4.9,1.32,2.38,1.65,12.3,1.95,2.05,5.5,1.36,21,03/10/10,E0,2,1,A,9.0,4.75,1.33,5,11,0,19,10,2,0,A,2,Liverpool,9.0,5.0,1.27,11.0,5.0,1.3,,,,M Jones,10.0,5.0,1.25,11.0,5.0,1.3,11.0,5.0,1.33,11.0,5.0,1.3
87,4,12,0,4,2,3,Blackburn,5.5,3.6,1.67,5.0,3.6,1.67,5.25,3.5,1.65,32,19.0,-0.75,1.74,2.05,5.43,2.02,1.85,3.64,1.66,1.81,2.14,6.27,2.1,1.9,3.94,1.7,29,24/10/10,E0,1,2,H,5.0,3.6,1.67,15,17,0,17,10,0,0,D,2,Liverpool,4.6,3.5,1.65,5.0,3.75,1.67,,,,P Dowd,5.0,3.6,1.6,5.5,3.8,1.67,6.0,3.8,1.67,5.5,3.5,1.67
108,5,17,0,11,7,2,Chelsea,2.0,3.4,3.8,2.0,3.25,3.75,1.95,3.3,3.75,35,18.0,0.0,1.79,1.99,2.04,1.44,2.63,3.29,3.73,1.86,2.09,2.14,1.52,2.75,3.44,4.0,34,07/11/10,E0,0,2,H,2.0,3.2,3.75,2,15,0,9,7,0,2,H,0,Liverpool,2.1,3.2,3.2,2.0,3.4,3.75,,,,H Webb,2.0,3.2,3.5,2.1,3.3,3.75,2.1,3.4,3.8,2.1,3.1,3.75
134,2,8,0,6,1,1,West Ham,6.5,3.8,1.57,7.0,3.6,1.53,6.0,3.75,1.55,38,19.0,0.0,1.85,1.92,6.75,4.79,1.16,3.85,1.53,1.92,2.04,7.5,5.5,1.2,4.18,1.57,37,20/11/10,E0,0,3,H,6.5,3.6,1.55,10,8,0,19,11,0,3,H,0,Liverpool,5.4,3.7,1.55,6.5,3.75,1.53,,,,L Probert,6.0,3.75,1.5,7.0,3.75,1.57,7.0,4.0,1.57,6.5,3.6,1.57
158,3,13,0,5,2,1,Aston Villa,6.0,3.75,1.62,6.5,3.75,1.53,5.85,3.5,1.6,37,21.0,0.0,1.84,1.93,6.0,4.27,1.19,3.75,1.59,1.93,2.0,6.69,4.5,1.22,4.01,1.65,36,06/12/10,E0,0,3,H,6.0,3.75,1.55,4,12,0,12,7,0,2,H,0,Liverpool,5.4,3.7,1.55,5.5,3.75,1.62,,,,P Dowd,6.0,3.6,1.53,6.5,3.75,1.62,5.5,3.6,1.62,6.0,3.6,1.62
188,8,11,0,7,3,1,Wolves,10.0,5.0,1.33,10.0,5.0,1.29,10.0,4.75,1.3,37,20.0,-1.5,2.17,1.66,10.36,1.89,1.98,4.89,1.32,2.29,1.72,11.66,1.93,2.03,5.5,1.35,34,29/12/10,E0,1,0,A,10.0,5.0,1.3,2,8,0,9,5,0,0,D,1,Liverpool,7.8,4.6,1.33,10.0,5.5,1.29,,,,P Walton,9.0,4.5,1.3,11.0,5.0,1.33,11.0,5.25,1.33,11.0,4.5,1.33
191,4,16,0,10,4,2,Bolton,5.0,3.75,1.7,5.0,3.5,1.7,5.0,3.65,1.65,35,19.0,0.0,1.8,1.97,5.39,3.86,1.23,3.65,1.67,1.87,2.12,6.0,4.0,1.26,3.85,1.72,33,01/01/11,E0,1,2,H,5.0,3.5,1.7,7,11,0,16,7,1,0,A,2,Liverpool,5.0,3.6,1.6,5.0,3.75,1.67,,,,K Friend,5.2,3.5,1.6,5.5,3.5,1.73,5.5,3.8,1.73,5.0,3.5,1.73
218,6,17,0,10,5,0,Everton,3.5,3.2,2.2,3.25,3.2,2.25,3.4,3.3,2.2,33,23.0,0.0,1.7,2.12,3.43,2.41,1.55,3.22,2.2,1.75,2.28,3.71,2.53,1.61,3.35,2.32,32,16/01/11,E0,2,2,D,3.2,3.25,2.2,10,16,0,19,14,0,1,H,3,Liverpool,3.2,3.2,2.1,3.25,3.25,2.25,,,,P Dowd,3.3,3.2,2.05,3.4,3.2,2.2,3.5,3.3,2.3,3.5,3.25,2.15
233,2,10,0,12,8,0,Fulham,7.0,3.8,1.53,5.5,3.75,1.57,6.0,3.7,1.55,38,21.0,-1.0,1.76,2.01,6.44,1.93,1.92,3.88,1.53,1.84,2.11,7.33,1.98,2.0,4.22,1.57,37,26/01/11,E0,0,1,H,5.75,3.75,1.57,6,11,0,11,7,0,0,D,0,Liverpool,5.4,3.7,1.55,6.5,3.6,1.57,,,,L Probert,6.0,3.75,1.5,6.5,4.2,1.53,7.0,4.0,1.53,6.0,3.8,1.57
243,0,8,0,6,1,4,Stoke,6.0,3.75,1.62,5.5,3.75,1.57,6.0,3.75,1.55,33,17.0,-0.75,1.72,2.06,5.87,2.04,1.85,3.7,1.6,1.79,2.14,6.3,2.08,1.88,4.0,1.67,31,02/02/11,E0,0,2,H,5.75,3.6,1.6,7,6,0,13,9,0,0,D,1,Liverpool,5.4,3.7,1.55,6.0,3.75,1.57,,,,A Taylor,5.5,3.5,1.57,6.0,3.8,1.62,6.0,3.8,1.67,6.0,3.75,1.6
258,5,17,0,8,2,3,Wigan,9.0,4.75,1.36,9.0,4.5,1.36,9.0,4.35,1.35,36,19.0,-1.25,1.96,1.82,9.43,2.03,1.86,4.56,1.36,2.1,1.95,10.5,2.06,1.9,5.09,1.4,37,12/02/11,E0,1,1,D,9.0,4.5,1.35,8,11,0,13,5,0,1,H,1,Liverpool,7.3,4.5,1.35,10.0,4.6,1.33,,,,K Friend,9.0,4.5,1.3,9.0,4.5,1.36,10.0,5.0,1.36,9.0,4.5,1.36
284,4,12,0,12,7,3,Man United,2.6,3.2,2.8,2.4,3.25,2.88,2.55,3.25,2.85,37,29.0,0.0,1.67,2.15,2.55,1.82,2.0,3.22,2.81,1.75,2.25,2.67,1.89,2.07,3.35,2.94,34,06/03/11,E0,1,3,H,2.5,3.2,2.75,6,12,0,17,10,0,2,H,2,Liverpool,2.3,3.2,2.8,2.5,3.2,2.88,,,,P Dowd,2.4,3.2,2.7,2.6,3.25,2.88,2.6,3.3,2.88,2.5,3.2,2.88
317,2,3,0,13,4,0,Man City,2.8,3.2,2.6,2.88,3.2,2.5,2.9,3.2,2.35,38,28.0,0.0,1.7,2.11,2.76,1.97,1.86,3.21,2.59,1.77,2.25,2.9,2.1,1.96,3.34,2.76,35,11/04/11,E0,0,3,H,2.75,3.2,2.5,6,6,0,15,7,0,3,H,1,Liverpool,2.8,3.2,2.3,2.9,3.3,2.4,,,,M Halsey,2.7,3.2,2.4,2.88,3.2,2.5,2.88,3.3,2.6,2.88,3.2,2.5
330,2,12,0,10,6,0,Birmingham,7.5,4.33,1.44,7.5,4.2,1.44,7.75,4.2,1.4,38,18.0,-1.0,1.98,1.8,7.62,2.13,1.76,4.18,1.46,2.05,1.88,8.5,2.19,1.82,4.52,1.5,33,23/04/11,E0,0,5,H,7.0,4.0,1.45,5,7,0,17,13,0,2,H,1,Liverpool,5.7,3.8,1.5,7.0,4.0,1.5,,,,H Webb,6.75,3.75,1.45,8.0,4.33,1.44,8.5,4.4,1.44,8.0,3.75,1.5
347,12,10,0,7,3,2,Newcastle,7.5,4.33,1.44,8.0,4.0,1.44,6.5,4.15,1.45,37,22.0,-1.0,2.06,1.73,7.26,2.02,1.85,4.11,1.47,2.15,1.82,8.0,2.07,1.9,4.5,1.51,34,01/05/11,E0,0,3,H,6.0,4.0,1.5,3,15,0,9,5,0,1,H,1,Liverpool,7.0,4.1,1.4,7.5,4.5,1.4,,,,P Walton,7.0,3.75,1.45,7.5,4.33,1.44,7.5,4.4,1.5,6.5,4.2,1.5
367,5,7,0,8,4,1,Tottenham,4.75,3.8,1.73,5.0,3.5,1.67,4.5,3.65,1.7,39,18.0,-0.75,1.98,1.8,4.67,1.9,1.98,3.7,1.74,2.12,1.91,5.11,1.93,2.01,3.96,1.8,38,15/05/11,E0,2,0,A,4.5,3.5,1.75,11,13,0,10,2,1,0,A,2,Liverpool,3.8,3.4,1.85,4.5,3.75,1.73,,,,H Webb,4.2,3.4,1.75,4.75,3.5,1.75,5.0,3.75,1.75,4.5,3.5,1.8
8,5,16,0,8,3,4,Liverpool,2.3,3.4,3.4,,,,2.3,3.4,3.2,45,26.0,0.25,1.75,2.06,2.24,1.91,1.95,3.33,3.33,1.82,2.15,2.35,1.96,2.0,3.51,3.51,43,09/08/15,E0,1,0,A,,,,3,9,0,7,1,0,0,D,2,Stoke,2.3,3.3,2.9,2.3,3.3,3.4,2.25,3.46,3.48,A Taylor,,,,,,,2.3,3.4,3.4,2.3,3.1,3.3
29,8,13,0,15,8,4,Liverpool,5.0,4.0,1.75,,,,5.0,3.75,1.75,38,24.0,-0.5,2.02,1.77,4.9,2.21,1.7,3.82,1.72,2.15,1.84,5.2,2.28,1.74,4.0,1.8,37,24/08/15,E0,0,0,D,,,,7,2,0,19,5,0,0,D,1,Arsenal,4.2,3.5,1.8,5.0,3.75,1.75,5.12,4.0,1.74,M Oliver,,,,,,,5.2,4.0,1.73,5.0,3.5,1.73
43,4,11,0,8,4,2,Liverpool,4.33,3.4,2.0,,,,4.33,3.2,2.0,37,24.0,-0.5,1.7,2.13,4.27,1.93,1.92,3.41,1.93,1.77,2.22,4.59,2.0,1.96,3.55,2.0,31,12/09/15,E0,1,3,H,,,,4,6,0,9,3,0,0,D,1,Man United,4.0,3.45,1.85,4.2,3.4,2.0,4.56,3.49,1.94,M Oliver,,,,,,,4.33,3.5,1.95,4.5,3.4,1.95
78,11,19,0,13,4,3,Liverpool,2.8,3.4,2.7,,,,2.75,3.2,2.7,43,25.0,0.0,1.82,1.98,2.74,1.96,1.89,3.27,2.66,1.88,2.05,2.9,2.01,1.97,3.47,2.8,40,04/10/15,E0,1,1,D,,,,5,10,0,14,4,1,1,D,3,Everton,2.6,3.2,2.6,2.8,3.25,2.7,2.75,3.42,2.75,M Atkinson,,,,,,,2.8,3.4,2.7,2.9,2.8,2.75
85,6,11,0,12,3,2,Liverpool,3.0,3.5,2.5,,,,2.95,3.2,2.5,45,25.0,0.0,2.01,1.79,2.91,2.13,1.75,3.4,2.43,2.14,1.87,3.1,2.2,1.8,3.58,2.5,41,17/10/15,E0,0,0,D,,,,8,15,0,13,4,0,0,D,1,Tottenham,2.75,3.2,2.5,2.88,3.4,2.4,2.99,3.54,2.48,C Pawson,,,,,,,3.0,3.5,2.45,3.0,3.3,2.5
100,7,21,0,16,7,4,Liverpool,3.75,3.5,2.1,,,,3.4,3.3,2.1,46,28.0,-0.5,1.77,2.04,3.73,1.81,2.06,3.36,2.07,1.92,2.13,4.0,1.86,2.13,3.56,2.13,40,31/10/15,E0,3,1,A,,,,1,9,0,8,2,1,1,D,1,Chelsea,3.4,3.2,2.1,3.75,3.4,2.1,3.92,3.54,2.07,M Clattenburg,,,,,,,3.9,3.4,2.1,3.75,3.2,2.1
122,5,13,0,14,9,3,Liverpool,5.5,4.0,1.7,,,,5.5,3.75,1.7,42,25.0,-0.75,2.09,1.73,5.28,2.05,1.82,3.94,1.66,2.25,1.79,5.75,2.09,1.86,4.2,1.7,36,21/11/15,E0,4,1,A,,,,11,5,0,11,3,3,1,A,0,Man City,4.7,3.6,1.7,5.5,3.8,1.7,5.56,4.15,1.67,J Moss,,,,,,,5.75,4.1,1.65,5.5,3.5,1.7
148,7,10,0,10,1,1,Liverpool,1.62,4.33,5.75,,,,1.62,4.0,5.5,47,29.0,1.0,2.08,1.73,1.6,2.01,1.85,4.1,5.58,2.2,1.8,1.65,2.08,1.88,4.43,6.0,41,06/12/15,E0,0,2,H,,,,2,6,0,6,1,0,0,D,3,Newcastle,1.6,3.7,5.4,1.57,4.0,5.25,1.62,4.35,5.75,A Marriner,,,,,,,1.62,4.2,6.0,1.62,3.75,5.5
168,9,9,0,12,4,0,Liverpool,1.95,3.6,4.2,,,,2.0,3.3,4.0,48,28.0,0.5,1.74,2.08,1.96,1.94,1.91,3.43,4.02,1.81,2.15,2.01,2.01,1.96,3.6,4.3,43,20/12/15,E0,0,3,H,,,,7,6,0,6,5,0,2,H,1,Watford,2.0,3.3,3.6,1.95,3.4,3.8,2.01,3.55,4.14,M Clattenburg,,,,,,,2.0,3.4,4.33,2.0,3.2,4.0
189,4,16,0,17,6,3,Liverpool,1.7,3.9,5.5,,,,1.72,3.75,5.0,48,28.0,0.5,1.81,1.99,1.7,1.68,2.25,3.74,5.22,1.92,2.07,1.75,1.74,2.32,4.0,5.6,43,30/12/15,E0,1,0,A,,,,6,8,0,8,3,0,0,D,1,Sunderland,1.75,3.5,4.5,1.67,3.6,5.0,1.71,3.91,5.51,K Friend,,,,,,,1.73,3.75,5.5,1.75,3.6,4.75
197,9,8,0,23,2,1,Liverpool,2.05,3.5,4.0,,,,2.05,3.4,3.8,48,29.0,0.5,1.75,2.06,2.01,2.0,1.86,3.42,3.86,1.81,2.13,2.1,2.05,1.91,3.62,4.1,43,02/01/16,E0,0,2,H,,,,3,11,0,18,10,0,1,H,1,West Ham,2.1,3.3,3.3,2.0,3.4,3.8,2.03,3.62,3.97,R Madley,,,,,,,2.05,3.4,4.1,2.0,3.4,3.8
223,3,14,0,13,7,1,Liverpool,1.95,3.5,4.33,,,,1.95,3.5,4.0,46,28.0,0.5,1.71,2.12,1.96,1.98,1.9,3.42,4.08,1.8,2.22,2.05,2.05,1.96,3.6,4.35,40,23/01/16,E0,5,4,A,,,,3,10,0,6,5,1,2,H,0,Norwich,2.0,3.3,3.6,1.95,3.4,3.8,1.98,3.5,4.35,L Mason,,,,,,,2.0,3.5,4.2,1.91,3.25,4.33
232,12,7,0,14,2,1,Liverpool,2.88,3.4,2.63,,,,2.8,3.2,2.6,48,30.0,0.0,1.76,2.06,2.81,2.0,1.85,3.28,2.58,1.83,2.15,2.9,2.06,1.9,3.51,2.65,43,02/02/16,E0,0,2,H,,,,3,6,0,13,6,0,0,D,0,Leicester,2.6,3.2,2.6,2.7,3.3,2.5,2.88,3.44,2.62,A Marriner,,,,,,,2.9,3.3,2.63,2.8,3.1,2.62
258,6,9,0,11,9,1,Liverpool,1.85,3.6,4.75,,,,1.85,3.5,4.5,45,28.0,0.75,1.65,2.23,1.84,2.09,1.78,3.49,4.59,1.7,2.32,2.0,2.15,1.82,3.62,5.04,37,14/02/16,E0,6,0,A,,,,0,10,0,6,1,2,0,A,3,Aston Villa,2.0,3.3,3.6,1.8,3.4,4.5,1.86,3.59,4.89,N Swarbrick,,,,,,,1.83,3.6,5.0,1.85,3.4,4.5
286,6,16,1,19,5,2,Liverpool,2.1,3.5,3.8,,,,2.1,3.2,3.5,45,29.0,0.25,1.74,2.07,2.1,1.81,2.06,3.39,3.63,1.81,2.12,2.19,1.86,2.12,3.5,3.8,37,06/03/16,E0,2,1,A,,,,6,12,0,14,4,0,0,D,1,Crystal Palace,2.1,3.3,3.3,2.05,3.3,3.5,2.15,3.5,3.71,A Marriner,,,,,,,2.15,3.4,3.75,2.15,3.1,3.75
301,5,13,0,18,9,3,Liverpool,2.88,3.4,2.63,,,,2.85,3.3,2.4,45,27.0,0.25,1.65,2.22,2.81,2.4,1.6,3.21,2.61,1.7,2.35,2.9,2.47,1.64,3.4,2.75,38,20/03/16,E0,2,3,H,,,,3,10,0,16,5,2,0,A,1,Southampton,2.6,3.2,2.6,2.8,3.1,2.5,2.88,3.29,2.71,R East,,,,,,,2.9,3.25,2.7,2.75,3.0,2.75
19,7,7,0,11,3,1,Liverpool,4.33,4.0,1.85,,,,4.0,3.9,1.87,48,22.0,-0.75,2.29,1.61,4.26,1.83,2.06,3.72,1.83,2.52,1.7,4.5,1.88,2.1,4.1,1.88,45,25/08/14,E0,1,3,H,,,,6,13,0,9,4,0,1,H,1,Man City,4.0,3.45,1.85,4.2,3.75,1.85,4.43,4.05,1.83,M Oliver,,,,4.33,3.5,1.83,4.3,4.0,1.85,4.33,3.4,1.85
29,3,11,0,17,8,4,Liverpool,2.7,3.5,2.7,,,,2.7,3.2,2.7,49,26.0,0.0,2.22,1.64,2.68,1.94,1.92,3.38,2.63,2.34,1.72,2.8,2.01,1.97,3.6,2.74,39,31/08/14,E0,3,0,A,,,,7,14,0,7,1,1,0,A,0,Tottenham,2.6,3.2,2.6,2.7,3.4,2.7,2.77,3.48,2.69,P Dowd,,,,2.63,3.4,2.6,2.7,3.5,2.7,2.8,3.0,2.7
45,5,11,0,11,5,1,Liverpool,1.85,3.8,4.5,,,,1.85,3.8,4.25,47,24.0,0.75,2.26,1.62,1.8,2.02,1.85,3.78,4.38,2.46,1.68,1.86,2.07,1.89,4.0,4.7,43,20/09/14,E0,1,3,H,,,,7,16,0,13,7,1,2,H,4,West Ham,1.75,3.6,4.3,1.8,3.8,4.33,1.84,3.89,4.56,C Pawson,,,,,,,1.85,3.9,4.4,1.85,3.3,4.5
77,2,15,0,15,5,3,Liverpool,1.6,4.2,6.0,,,,1.62,4.0,5.75,45,27.0,1.0,2.15,1.68,1.58,1.96,1.9,4.03,5.98,2.3,1.76,1.65,2.04,1.95,4.35,6.5,43,19/10/14,E0,3,2,A,,,,7,10,0,15,6,0,0,D,2,QPR,1.65,3.6,5.1,1.61,4.0,5.5,1.58,4.3,6.52,P Dowd,,,,,,,1.6,4.2,6.25,1.62,3.6,6.0
95,2,8,0,6,3,3,Liverpool,2.0,3.75,3.8,,,,2.05,3.5,3.75,45,24.0,0.5,2.07,1.75,2.01,2.0,1.87,3.54,3.72,2.2,1.84,2.08,2.05,1.91,3.75,3.85,43,01/11/14,E0,0,1,H,,,,7,13,0,14,3,0,0,D,4,Newcastle,2.0,3.3,3.6,2.05,3.6,3.75,2.05,3.74,3.77,A Marriner,,,,,,,2.05,3.6,3.8,2.05,3.2,3.8
117,3,10,0,12,1,2,Liverpool,1.91,3.7,4.33,,,,1.91,3.6,3.7,44,24.0,0.5,1.84,1.96,1.86,1.86,2.02,3.5,4.41,1.92,2.05,1.95,1.9,2.08,3.74,4.7,43,23/11/14,E0,1,3,H,,,,4,21,0,15,5,1,1,D,1,Crystal Palace,1.75,3.5,4.5,1.9,3.6,4.2,1.86,3.74,4.65,J Moss,,,,,,,1.9,3.6,4.4,1.95,3.0,4.5
132,4,10,0,11,3,2,Liverpool,2.05,3.6,3.8,,,,2.1,3.5,3.6,44,26.0,0.5,2.02,1.78,2.05,2.04,1.84,3.47,3.71,2.12,1.85,2.1,2.1,1.86,3.65,3.85,43,02/12/14,E0,3,1,A,,,,7,11,1,20,4,1,1,D,1,Leicester,2.0,3.3,3.6,2.05,3.6,3.75,2.09,3.58,3.8,L Mason,,,,,,,2.1,3.6,3.7,2.1,3.1,3.75
157,7,14,0,19,9,3,Liverpool,4.75,3.8,1.8,,,,4.5,3.6,1.85,46,26.0,-0.75,2.03,1.78,4.49,1.84,2.03,3.67,1.81,2.14,1.83,4.85,1.87,2.08,3.94,1.88,44,14/12/14,E0,0,3,H,,,,2,13,0,11,6,0,2,H,4,Man United,4.2,3.5,1.8,4.33,3.8,1.8,4.55,3.94,1.83,M Atkinson,,,,,,,4.6,3.75,1.85,4.5,3.3,1.85
171,2,5,0,10,3,1,Liverpool,1.8,3.8,4.75,,,,1.83,3.5,4.2,46,27.0,0.75,2.04,1.77,1.78,2.0,1.88,3.7,4.58,2.15,1.86,1.85,2.04,1.92,3.98,4.95,42,26/12/14,E0,1,0,A,,,,8,7,0,16,0,0,0,D,0,Burnley,1.85,3.45,4.0,1.83,3.6,4.5,1.79,3.97,4.8,A Taylor,,,,,,,1.83,3.75,4.75,1.8,3.75,4.2
205,6,11,0,21,4,4,Liverpool,1.91,3.6,4.5,,,,1.91,3.5,3.8,45,26.0,0.5,1.85,1.94,1.91,1.9,1.97,3.46,4.21,1.94,2.04,1.97,1.93,2.03,3.65,4.55,44,10/01/15,E0,1,0,A,,,,6,12,1,5,1,1,0,A,1,Sunderland,1.85,3.45,4.0,1.95,3.5,4.0,1.91,3.59,4.58,C Pawson,,,,,,,1.95,3.5,4.4,1.95,3.2,4.33
210,5,11,0,12,5,1,Liverpool,1.91,3.6,4.5,,,,1.91,3.4,4.0,47,27.0,0.5,1.71,2.12,1.87,1.87,2.0,3.44,4.48,1.81,2.2,1.94,1.91,2.05,3.6,5.0,45,17/01/15,E0,2,0,A,,,,9,13,0,15,4,1,0,A,1,Aston Villa,1.9,3.45,3.8,1.85,3.5,4.5,1.88,3.55,4.88,M Clattenburg,,,,,,,1.91,3.4,4.75,1.91,3.3,4.33
231,6,7,0,17,6,1,Liverpool,2.3,3.4,3.4,,,,2.3,3.4,3.2,50,27.0,0.25,1.9,1.89,2.25,1.94,1.92,3.35,3.26,1.98,1.98,2.34,1.99,1.96,3.5,3.41,49,07/02/15,E0,0,0,D,,,,3,11,0,6,1,0,0,D,4,Everton,2.2,3.3,3.1,2.3,3.4,3.2,2.3,3.47,3.36,A Taylor,,,,,,,2.3,3.4,3.4,2.3,3.1,3.3
258,1,14,0,6,4,3,Liverpool,2.9,3.3,2.63,,,,2.65,3.25,2.6,49,27.0,0.0,1.73,2.09,2.92,2.11,1.77,3.27,2.49,1.8,2.21,3.1,2.19,1.82,3.45,2.63,46,22/02/15,E0,2,0,A,,,,6,11,0,13,5,1,0,A,2,Southampton,2.6,3.2,2.6,3.0,3.3,2.45,3.09,3.38,2.5,K Friend,,,,,,,3.0,3.3,2.55,2.75,3.1,2.62
288,5,16,0,16,5,3,Liverpool,2.0,3.6,4.0,,,,2.0,3.5,3.9,44,22.0,0.5,1.79,2.0,1.99,1.96,1.9,3.4,3.96,1.93,2.11,2.1,2.02,1.95,3.6,4.24,41,16/03/15,E0,1,0,A,,,,4,13,0,10,3,0,0,D,0,Swansea,2.1,3.3,3.3,2.05,3.4,3.75,2.0,3.51,4.24,R East,,,,,,,2.05,3.4,4.1,2.05,3.1,4.0
299,5,9,1,13,2,0,Liverpool,4.2,3.75,1.83,,,,4.0,3.6,1.85,48,26.0,-0.75,2.14,1.7,4.35,1.83,2.03,3.68,1.83,2.3,1.77,4.6,1.87,2.09,3.89,1.9,46,04/04/15,E0,1,4,H,,,,6,7,0,16,10,0,3,H,1,Arsenal,3.8,3.45,1.9,4.2,3.75,1.85,4.51,3.89,1.85,A Taylor,,,,,,,4.4,3.8,1.87,4.5,3.4,1.83
334,4,11,0,22,5,0,Liverpool,2.0,3.6,4.0,,,,1.95,3.6,4.0,47,28.0,0.5,1.82,1.97,1.99,1.99,1.88,3.44,3.94,1.98,2.05,2.05,2.04,1.92,3.62,4.33,46,25/04/15,E0,0,0,D,,,,2,12,0,10,4,0,0,D,1,West Brom,1.85,3.45,4.0,1.95,3.6,4.1,2.02,3.51,4.15,R East,,,,,,,2.0,3.6,4.1,2.05,3.1,4.0
337,7,10,0,12,9,0,Liverpool,2.0,3.4,4.33,,,,2.0,3.4,4.1,46,27.0,0.5,1.7,2.14,1.99,2.0,1.86,3.36,4.08,1.8,2.21,2.05,2.06,1.93,3.54,4.55,44,28/04/15,E0,0,1,H,,,,7,10,0,7,4,0,1,H,2,Hull,2.0,3.3,3.6,2.0,3.4,4.0,2.04,3.44,4.15,L Probert,,,,,,,2.05,3.4,4.1,2.0,3.4,3.8
356,4,11,0,15,4,3,Liverpool,3.8,3.5,2.1,,,,3.8,3.3,2.1,47,27.0,-0.25,1.76,2.06,3.72,2.1,1.78,3.35,2.07,1.84,2.17,3.98,2.16,1.82,3.5,2.11,44,10/05/15,E0,1,1,D,,,,6,13,0,8,3,1,1,D,4,Chelsea,3.3,3.3,2.1,3.9,3.4,2.0,3.96,3.44,2.1,A Marriner,,,,,,,3.9,3.4,2.1,3.75,3.2,2.1
379,9,4,0,13,4,2,Liverpool,2.15,3.6,3.5,,,,2.15,3.4,3.25,42,25.0,0.25,1.99,1.81,2.12,1.85,2.02,3.48,3.42,2.14,1.87,2.2,1.88,2.07,3.71,3.64,41,24/05/15,E0,1,6,H,,,,3,13,0,15,9,0,5,H,4,Stoke,2.1,3.3,3.3,2.2,3.5,3.3,2.15,3.7,3.51,A Taylor,,,,,,,2.15,3.6,3.5,2.2,3.3,3.3
11,2,8,0,5,1,3,Liverpool,1.95,3.75,4.0,,,,1.91,3.6,3.8,34,18.0,0.5,2.1,1.73,1.91,1.92,1.96,3.55,3.93,2.22,1.83,2.0,1.96,2.01,3.83,4.2,32,24/08/13,E0,1,0,A,,,,8,9,0,17,3,1,0,A,3,Aston Villa,2.0,3.3,3.6,1.91,3.5,4.0,1.93,3.83,4.18,M Clattenburg,,,,1.91,3.5,4.0,1.95,3.8,3.9,1.95,3.6,3.75
39,7,10,0,12,5,3,Liverpool,2.2,3.5,3.5,,,,2.15,3.4,3.6,33,16.0,0.5,1.82,1.97,2.17,2.18,1.72,3.34,3.37,1.91,2.08,2.26,2.27,1.75,3.5,3.6,30,16/09/13,E0,2,2,D,,,,3,7,0,17,8,2,1,A,2,Swansea,2.0,3.3,3.6,2.1,3.4,3.4,2.25,3.47,3.48,M Oliver,,,,2.2,3.3,3.4,2.2,3.5,3.4,2.25,3.3,3.2
58,8,10,0,15,6,1,Liverpool,1.7,3.9,5.5,,,,1.65,3.8,5.0,37,19.0,1.0,1.86,1.93,1.67,2.2,1.7,3.71,5.3,1.93,2.04,1.75,2.26,1.76,4.0,5.7,35,29/09/13,E0,3,1,A,,,,10,8,0,23,5,2,0,A,2,Sunderland,1.67,3.55,5.0,1.66,3.5,5.5,1.69,3.99,5.62,H Webb,,,,1.67,3.6,5.5,1.67,3.9,5.5,1.75,3.5,5.5
74,13,10,0,23,7,3,Liverpool,1.83,3.9,4.5,,,,1.78,3.75,4.2,38,20.0,0.75,2.17,1.68,1.82,2.03,1.84,3.65,4.31,2.32,1.73,1.87,2.07,1.89,3.93,4.58,37,19/10/13,E0,2,2,D,,,,3,8,1,14,4,1,1,D,2,Newcastle,1.85,3.45,4.0,1.85,3.6,4.2,1.83,3.92,4.55,A Marriner,,,,1.83,3.8,4.0,1.85,3.9,4.4,1.83,3.6,4.2
90,5,7,0,12,4,1,Liverpool,3.3,3.5,2.3,,,,3.25,3.4,2.15,37,19.0,-0.25,2.2,1.65,3.18,1.9,1.97,3.35,2.26,2.3,1.72,3.4,1.95,2.01,3.5,2.34,33,02/11/13,E0,0,2,H,,,,3,11,0,12,7,0,1,H,2,Arsenal,3.1,3.3,2.2,3.2,3.4,2.2,3.34,3.4,2.34,M Atkinson,,,,3.2,3.4,2.25,3.4,3.5,2.25,3.4,3.0,2.3
111,7,15,0,11,5,3,Liverpool,2.5,3.4,3.0,,,,2.45,3.25,2.85,37,20.0,0.0,1.93,1.87,2.5,1.79,2.07,3.27,2.85,2.03,1.92,2.63,1.83,2.14,3.4,3.02,35,23/11/13,E0,3,3,D,,,,6,16,0,18,12,2,1,A,4,Everton,2.5,3.2,2.75,2.5,3.3,2.8,2.56,3.4,2.99,P Dowd,,,,2.4,3.4,2.88,2.6,3.4,2.9,2.62,2.9,3.0
127,6,16,0,9,4,0,Liverpool,1.62,4.0,6.5,,,,1.6,3.8,5.75,38,22.0,1.0,1.92,1.87,1.59,2.03,1.84,3.79,6.06,2.02,1.96,1.63,2.12,1.92,4.13,7.05,36,01/12/13,E0,1,3,H,,,,2,10,0,12,4,1,1,D,2,Hull,1.6,3.7,5.4,1.61,3.75,5.5,1.57,4.13,7.05,H Webb,,,,1.57,3.8,6.0,1.62,4.1,6.25,1.62,3.8,5.5
159,9,15,0,21,10,0,Liverpool,3.0,3.4,2.5,,,,2.7,3.3,2.55,37,20.0,0.0,2.02,1.77,2.88,2.08,1.77,3.33,2.45,2.12,1.84,3.02,2.15,1.83,3.5,2.54,35,15/12/13,E0,5,0,A,,,,2,17,1,9,0,2,0,A,3,Tottenham,2.75,3.3,2.4,2.9,3.4,2.37,3.04,3.5,2.47,J Moss,,,,2.75,3.4,2.5,2.9,3.5,2.5,3.0,3.0,2.5
175,6,9,0,12,5,3,Liverpool,4.6,4.2,1.75,,,,4.1,4.0,1.75,39,18.0,-1.0,2.63,1.45,4.52,1.67,2.26,3.82,1.75,2.81,1.5,4.84,1.72,2.31,4.2,1.8,30,26/12/13,E0,1,2,H,,,,7,10,0,20,6,1,2,H,1,Man City,4.2,3.5,1.8,4.33,4.0,1.73,4.84,4.14,1.75,L Mason,,,,4.2,4.0,1.75,4.6,4.0,1.8,4.5,3.5,1.8
186,2,17,0,8,4,1,Liverpool,3.5,3.5,2.2,,,,3.2,3.4,2.15,39,18.0,-0.5,2.22,1.63,3.41,1.74,2.12,3.39,2.14,2.35,1.7,3.6,1.8,2.2,3.6,2.22,35,29/12/13,E0,1,2,H,,,,4,17,0,11,5,1,2,H,4,Chelsea,3.3,3.3,2.1,3.5,3.4,2.1,3.55,3.52,2.2,H Webb,,,,3.3,3.6,2.1,3.4,3.5,2.2,3.5,3.1,2.2
208,2,8,0,13,9,1,Liverpool,1.67,4.0,5.75,,,,1.62,3.75,5.5,42,22.0,1.0,2.08,1.73,1.63,2.03,1.83,3.83,5.66,2.25,1.78,1.7,2.1,1.9,4.25,6.2,41,12/01/14,E0,5,3,A,,,,11,10,0,13,4,2,2,D,1,Stoke,1.7,3.6,4.7,1.66,3.75,5.0,1.64,4.14,5.98,A Taylor,,,,1.62,4.0,5.5,1.67,4.0,5.75,1.67,3.4,6.0
238,4,15,0,12,3,2,Liverpool,1.62,4.33,5.75,,,,1.62,3.6,5.75,44,25.0,1.0,2.36,1.55,1.63,2.06,1.81,3.9,5.49,2.55,1.63,1.67,2.12,1.86,4.33,6.0,37,02/02/14,E0,1,1,D,,,,3,13,0,12,4,1,0,A,4,West Brom,1.6,3.7,5.4,1.66,3.75,5.0,1.64,4.19,5.89,K Friend,,,,1.62,4.0,5.5,1.65,4.0,5.0,1.67,3.4,6.0
255,5,9,0,21,7,3,Liverpool,1.4,5.25,8.0,,,,1.42,4.5,7.25,44,24.0,1.5,2.41,1.48,1.41,2.07,1.79,4.75,7.5,2.56,1.61,1.45,2.15,1.87,5.4,8.5,34,12/02/14,E0,3,2,A,,,,7,7,0,10,3,1,1,D,4,Fulham,1.45,4.0,7.0,1.44,4.5,6.5,1.42,5.21,8.0,P Dowd,,,,1.4,4.5,7.5,1.44,5.0,7.5,1.44,4.33,7.0
271,6,6,0,12,5,2,Liverpool,2.05,3.75,3.75,,,,2.05,3.5,3.75,42,20.0,0.5,2.33,1.58,2.04,2.07,1.81,3.53,3.55,2.5,1.65,2.11,2.12,1.85,3.75,3.8,33,01/03/14,E0,3,0,A,,,,3,10,0,13,2,1,0,A,1,Southampton,1.9,3.45,3.8,2.0,3.6,3.6,2.11,3.74,3.58,L Probert,,,,2.05,3.6,3.4,2.1,3.75,3.5,2.1,3.1,3.75
289,4,12,0,17,7,4,Liverpool,2.9,3.6,2.5,,,,2.8,3.3,2.45,47,25.0,0.0,2.1,1.71,2.86,2.1,1.77,3.36,2.46,2.28,1.78,3.0,2.17,1.82,3.6,2.56,46,16/03/14,E0,3,0,A,,,,3,13,1,13,1,1,0,A,1,Man United,2.75,3.3,2.4,2.8,3.4,2.5,2.98,3.52,2.49,M Clattenburg,,,,2.75,3.4,2.5,3.0,3.5,2.45,3.0,3.0,2.5
291,6,11,0,19,9,3,Liverpool,1.36,5.25,9.5,,,,1.37,5.0,7.5,48,27.0,1.5,2.5,1.49,1.37,1.99,1.86,4.93,8.5,2.74,1.6,1.45,2.05,1.94,5.4,10.0,36,22/03/14,E0,6,3,A,,,,4,14,0,9,3,2,2,D,2,Cardiff,1.45,4.0,7.0,1.4,4.8,7.5,1.38,5.26,9.27,N Swarbrick,,,,1.36,5.0,8.5,1.4,5.2,8.5,1.4,4.5,8.0
324,4,9,0,17,8,0,Liverpool,1.4,5.0,9.0,,,,1.36,5.0,7.75,49,27.0,1.5,2.67,1.44,1.38,1.97,1.88,4.86,8.27,2.88,1.5,1.44,2.09,1.96,5.3,9.37,38,06/04/14,E0,2,1,A,,,,4,10,0,11,1,1,1,D,4,West Ham,1.4,4.4,7.3,1.44,4.5,6.5,1.38,5.3,9.37,A Taylor,,,,1.4,5.0,9.0,1.4,5.0,9.0,1.4,4.5,8.0
345,3,10,0,14,6,2,Liverpool,1.33,5.0,8.5,,,,1.36,5.0,7.5,46,24.0,1.5,2.8,1.41,1.35,1.96,1.89,5.06,8.22,3.25,1.47,1.4,2.03,1.98,5.5,9.2,38,20/04/14,E0,3,2,A,,,,8,16,0,13,5,2,0,A,3,Norwich,1.33,5.0,8.0,1.4,5.0,7.0,1.37,5.51,9.19,A Marriner,,,,1.36,5.0,7.5,1.364,5.25,9.0,1.36,5.0,8.0
366,7,12,0,26,9,3,Liverpool,1.4,5.0,9.0,,,,1.36,5.0,7.5,45,23.0,1.5,2.32,1.58,1.38,2.04,1.79,4.76,8.29,2.54,1.66,1.41,2.12,1.89,5.3,9.8,40,05/05/14,E0,3,3,D,,,,7,7,0,10,6,1,0,A,2,Crystal Palace,1.37,4.6,7.5,1.4,4.8,8.0,1.41,5.06,8.91,M Clattenburg,,,,1.36,4.8,8.0,1.4,5.0,9.0,1.4,4.5,8.0
5,3,11,1,14,7,4,Liverpool,1.91,3.5,4.2,1.91,3.4,4.0,1.85,3.5,4.1,39,22.0,0.5,1.74,2.08,1.93,1.92,1.96,3.44,4.01,1.81,2.18,2.0,1.97,2.0,3.61,4.38,33,18/08/12,E0,0,3,H,1.85,3.5,4.1,7,10,0,15,10,0,1,H,1,West Brom,2.0,3.3,3.3,1.95,3.5,3.75,1.94,3.59,4.39,P Dowd,,,,1.91,3.4,4.0,1.95,3.6,4.33,2.0,3.3,3.8
36,7,10,0,20,9,2,Liverpool,2.2,3.3,3.4,2.3,3.25,3.0,2.25,3.3,3.3,39,25.0,0.25,1.83,1.99,2.2,1.86,2.01,3.33,3.3,1.92,2.06,2.3,1.9,2.09,3.53,3.6,35,15/09/12,E0,1,1,D,2.25,3.3,3.3,2,18,0,6,4,0,1,H,1,Sunderland,2.1,3.2,3.2,2.25,3.25,3.2,2.21,3.52,3.52,M Atkinson,,,,2.3,3.3,3.2,2.25,3.4,3.4,2.3,3.1,3.2
53,5,2,0,10,6,0,Liverpool,1.73,3.75,4.75,1.83,3.5,4.33,1.75,3.5,4.75,38,22.0,0.75,1.99,1.82,1.77,2.01,1.87,3.63,4.61,2.08,1.88,1.85,2.07,1.91,3.88,5.0,36,29/09/12,E0,5,2,A,1.75,3.5,4.75,5,5,0,10,7,2,0,A,1,Norwich,1.85,3.4,3.8,1.83,3.5,4.33,1.79,3.87,4.9,M Jones,,,,1.8,3.6,4.5,1.75,3.75,4.8,1.83,3.2,4.8
86,5,18,0,12,5,3,Liverpool,2.75,3.3,2.6,2.62,3.25,2.62,2.65,3.3,2.75,36,22.0,0.0,1.87,1.93,2.74,1.97,1.88,3.24,2.61,1.92,2.03,2.9,2.02,1.95,3.37,2.7,34,28/10/12,E0,2,2,D,2.65,3.3,2.75,9,16,0,17,8,2,2,D,4,Everton,2.75,3.3,2.4,2.7,3.2,2.6,2.84,3.37,2.69,A Marriner,,,,2.6,3.3,2.75,2.88,3.3,2.62,2.6,3.2,2.6
106,7,13,0,9,5,3,Liverpool,4.0,3.5,1.95,4.0,3.4,1.91,3.9,3.7,1.95,37,17.0,-0.25,2.07,1.75,3.85,2.21,1.71,3.5,1.94,2.2,1.79,4.05,2.26,1.75,3.77,2.01,36,11/11/12,E0,1,1,D,3.9,3.7,1.95,4,12,0,12,3,0,1,H,1,Chelsea,4.0,3.45,1.85,4.0,3.4,1.91,3.88,3.77,2.01,H Webb,,,,3.8,3.6,1.95,3.9,3.7,1.95,4.0,3.2,2.0
127,6,10,0,21,14,0,Liverpool,2.1,3.5,3.4,2.1,3.4,3.4,2.05,3.4,3.5,39,25.0,0.25,2.02,1.78,2.11,1.81,2.07,3.43,3.43,2.14,1.85,2.15,1.86,2.14,3.71,3.64,38,25/11/12,E0,0,0,D,2.05,3.4,3.5,7,6,0,17,8,0,0,D,1,Swansea,2.15,3.3,3.2,2.1,3.3,3.5,2.12,3.74,3.57,J Moss,,,,2.1,3.5,3.25,2.15,3.7,3.5,2.15,3.3,3.4
137,12,14,0,14,9,2,Liverpool,2.88,3.4,2.4,2.88,3.4,2.38,2.9,3.3,2.35,39,25.0,-0.25,2.08,1.74,2.93,1.79,2.08,3.38,2.38,2.2,1.83,3.2,1.83,2.14,3.51,2.5,38,28/11/12,E0,1,2,H,2.9,3.3,2.35,1,4,0,14,7,0,2,H,1,Tottenham,3.2,3.3,2.15,3.0,3.25,2.38,3.04,3.5,2.46,P Dowd,,,,2.88,3.5,2.38,3.0,3.4,2.45,2.9,3.3,2.4
157,5,10,0,16,8,2,Liverpool,2.38,3.3,3.0,2.5,3.25,2.8,2.4,3.25,2.9,37,22.0,0.25,1.65,2.2,2.43,2.06,1.82,3.23,2.96,1.74,2.32,2.55,2.13,1.86,3.35,3.23,35,09/12/12,E0,3,2,A,2.4,3.25,2.9,2,12,0,9,6,1,2,H,1,West Ham,2.4,3.3,2.75,2.4,3.2,3.0,2.44,3.32,3.23,L Probert,,,,2.4,3.3,3.0,2.5,3.25,3.12,2.5,3.0,3.0
186,8,5,0,12,6,1,Liverpool,2.25,3.2,3.4,2.2,3.25,3.2,2.3,3.2,3.1,41,25.0,0.25,1.61,2.28,2.26,1.93,1.93,3.19,3.34,1.73,2.49,2.4,2.0,1.98,3.3,3.6,38,26/12/12,E0,1,3,H,2.3,3.2,3.1,6,11,0,7,6,1,2,H,3,Stoke,2.4,3.3,2.75,2.3,3.25,3.1,2.3,3.24,3.62,H Webb,,,,2.38,3.1,3.6,2.25,3.2,3.6,2.25,3.1,3.4
197,9,8,0,16,11,1,Liverpool,1.91,3.5,4.0,1.95,3.5,3.8,1.87,3.6,4.0,41,22.0,0.5,1.86,1.94,1.92,1.92,1.95,3.47,4.0,1.98,2.05,1.96,1.96,2.01,3.78,4.25,40,30/12/12,E0,3,0,A,1.87,3.6,4.0,1,10,0,14,7,3,0,A,2,QPR,1.9,3.45,3.8,1.91,3.5,3.75,1.97,3.72,4.1,A Taylor,,,,2.0,3.2,4.0,1.95,3.8,4.0,2.0,3.2,4.0
217,1,16,0,12,5,4,Liverpool,4.2,3.8,1.91,4.2,3.6,1.83,4.1,3.8,1.8,40,23.0,-0.5,2.31,1.58,4.06,1.97,1.9,3.64,1.87,2.48,1.63,4.5,2.03,1.95,3.8,1.95,30,13/01/13,E0,1,2,H,4.1,3.8,1.8,3,14,0,15,10,0,1,H,1,Man United,4.3,3.6,1.75,4.0,3.75,1.83,4.2,3.71,1.95,H Webb,,,,4.5,3.8,1.73,4.3,3.6,1.95,4.0,3.3,1.95
234,6,11,0,10,5,1,Liverpool,3.1,3.5,2.4,3.0,3.4,2.3,3.0,3.2,2.4,41,23.0,-0.25,2.13,1.7,3.02,1.86,2.01,3.36,2.33,2.26,1.76,3.25,1.9,2.06,3.57,2.41,39,30/01/13,E0,2,2,D,3.0,3.2,2.4,8,9,0,14,6,1,0,A,3,Arsenal,3.1,3.3,2.2,3.1,3.5,2.2,3.14,3.56,2.37,K Friend,,,,3.25,3.4,2.3,3.0,3.5,2.45,3.1,3.1,2.4
248,10,7,0,21,12,4,Liverpool,4.5,3.9,1.83,4.33,3.6,1.83,3.8,3.8,1.85,40,25.0,-0.75,2.18,1.67,4.36,1.82,2.05,3.61,1.82,2.34,1.74,4.6,1.87,2.1,3.91,1.85,38,03/02/13,E0,2,2,D,3.8,3.8,1.85,9,14,0,9,5,1,1,D,2,Man City,4.2,3.5,1.8,4.0,3.75,1.83,4.69,3.89,1.82,A Taylor,,,,4.5,3.8,1.8,4.3,3.9,1.87,4.2,3.5,1.85
277,3,15,0,8,7,2,Liverpool,1.85,3.75,4.5,1.73,3.75,4.5,1.78,3.8,4.2,41,24.0,0.75,2.13,1.7,1.82,2.07,1.81,3.64,4.3,2.25,1.76,1.88,2.13,1.85,3.85,4.7,40,02/03/13,E0,4,0,A,1.78,3.8,4.2,4,11,0,15,11,3,0,A,2,Wigan,1.8,3.5,4.2,1.8,3.5,4.5,1.88,3.78,4.48,M Atkinson,,,,1.8,3.8,4.5,1.87,3.8,4.33,1.83,3.4,4.5
289,5,10,0,8,6,1,Liverpool,1.91,3.8,4.2,1.8,3.6,4.33,1.87,3.5,4.1,39,22.0,0.75,2.15,1.68,1.9,2.19,1.71,3.59,3.94,2.26,1.74,1.98,2.25,1.75,3.87,4.5,36,16/03/13,E0,1,3,H,1.87,3.5,4.1,7,10,0,17,12,1,2,H,0,Southampton,1.75,3.5,4.5,1.85,3.6,4.0,1.94,3.8,4.1,P Dowd,,,,1.91,3.75,4.0,1.95,3.6,4.3,1.95,3.3,4.0
304,8,8,0,16,12,1,Liverpool,1.75,4.0,5.0,1.8,3.6,4.33,1.7,3.8,4.75,39,22.0,0.75,2.18,1.67,1.74,1.91,1.96,3.71,4.72,2.34,1.75,1.8,1.99,2.02,4.0,5.03,34,31/03/13,E0,2,1,A,1.7,3.8,4.75,7,9,0,10,7,0,1,H,1,Aston Villa,1.8,3.5,4.2,1.8,3.6,4.33,1.75,3.99,5.03,L Mason,,,,1.8,3.8,4.5,1.75,3.9,5.0,1.75,3.5,4.8
319,9,8,0,26,15,1,Liverpool,1.45,4.75,8.0,1.44,4.5,6.5,1.44,4.33,7.25,40,26.0,1.0,2.33,1.57,1.46,1.72,2.18,4.38,7.01,2.5,1.64,1.5,1.79,2.25,4.75,8.0,28,13/04/13,E0,0,0,D,1.44,4.33,7.25,4,9,0,7,5,0,0,D,2,Reading,1.5,4.0,6.1,1.5,4.2,6.5,1.49,4.74,7.35,M Clattenburg,,,,1.5,4.5,6.5,1.5,4.75,7.0,1.5,4.0,7.0
339,7,7,0,11,10,2,Liverpool,2.5,3.6,2.88,2.3,3.5,2.88,2.4,3.25,2.95,41,26.0,0.25,2.0,1.81,2.41,2.09,1.8,3.34,2.93,2.05,1.92,2.5,2.14,1.84,3.6,3.09,39,27/04/13,E0,6,0,A,2.4,3.25,2.95,5,14,1,5,1,2,0,A,3,Newcastle,2.4,3.3,2.75,2.4,3.4,2.8,2.46,3.46,3.09,A Marriner,,,,2.3,3.6,3.0,2.5,3.6,2.9,2.5,3.0,3.0
362,8,10,0,20,14,1,Liverpool,2.05,3.6,3.9,2.05,3.4,3.6,1.95,3.5,3.7,40,23.0,0.25,2.17,1.67,2.01,1.73,2.15,3.43,3.73,2.28,1.75,2.15,1.79,2.23,3.65,4.15,36,12/05/13,E0,3,1,A,1.95,3.5,3.7,7,2,0,10,8,1,1,D,0,Fulham,2.15,3.3,3.2,1.91,3.6,3.75,2.02,3.61,4.0,M Halsey,,,,1.91,3.6,4.0,2.1,3.6,3.7,2.1,3.3,3.5
9,5,6,0,13,8,2,Liverpool,2.9,3.25,2.5,2.75,3.1,2.62,2.95,3.3,2.45,35,20.0,0.0,1.76,2.03,2.86,2.05,1.81,3.2,2.53,1.82,2.11,3.02,2.12,1.86,3.3,2.67,31,20/08/11,E0,2,0,A,2.8,3.1,2.5,9,11,1,10,6,0,0,D,2,Arsenal,2.8,3.2,2.3,3.0,3.25,2.38,,,,M Atkinson,2.75,3.1,2.4,2.9,3.2,2.5,3.0,3.12,2.5,2.75,3.2,2.6
33,12,13,0,20,11,1,Liverpool,2.25,3.3,3.25,2.25,3.25,3.2,2.25,3.25,3.4,42,21.0,0.25,1.7,2.1,2.21,1.94,1.92,3.25,3.33,1.75,2.2,2.33,1.99,1.97,3.4,3.55,39,10/09/11,E0,0,1,H,2.1,3.25,3.4,2,12,0,3,1,0,1,H,0,Stoke,2.1,3.2,3.2,2.2,3.25,3.4,,,,M Clattenburg,2.1,3.2,3.2,2.2,3.25,3.4,2.25,3.3,3.5,2.25,3.2,3.3
48,1,9,2,5,2,4,Liverpool,2.63,3.4,2.63,2.6,3.25,2.6,2.7,3.25,2.7,43,23.0,0.0,1.84,1.94,2.68,1.94,1.9,3.26,2.62,1.95,2.0,2.84,2.0,1.94,3.4,2.72,43,18/09/11,E0,0,4,H,2.6,3.25,2.6,4,10,0,24,16,0,1,H,1,Tottenham,2.65,3.3,2.4,2.75,3.2,2.62,,,,M Jones,2.6,3.2,2.5,2.63,3.4,2.63,2.75,3.4,2.62,2.8,3.0,2.7
61,9,9,0,15,9,1,Liverpool,2.4,3.2,3.1,2.5,3.2,2.88,2.4,3.2,3.1,42,22.0,0.25,1.71,2.09,2.44,2.12,1.77,3.22,2.94,1.78,2.17,2.57,2.17,1.83,3.32,3.21,38,01/10/11,E0,2,0,A,2.4,3.2,2.9,5,15,1,12,4,0,0,D,1,Everton,2.4,3.2,2.7,2.5,3.25,2.9,,,,M Atkinson,2.45,3.2,2.85,2.4,3.25,3.0,2.5,3.25,3.1,2.45,3.25,2.9
95,10,9,0,17,7,0,Liverpool,2.0,3.3,4.0,2.0,3.4,3.75,2.05,3.3,3.8,48,26.0,0.5,1.79,1.99,2.02,2.05,1.82,3.32,3.77,1.84,2.09,2.1,2.1,1.86,3.5,4.0,43,29/10/11,E0,2,0,A,2.0,3.2,3.75,3,12,0,10,6,2,0,A,1,West Brom,2.0,3.3,3.3,2.0,3.5,3.75,,,,L Mason,2.05,3.3,3.6,1.95,3.5,3.9,2.05,3.4,4.0,2.1,3.1,3.75
117,5,11,0,9,3,2,Liverpool,4.5,3.5,1.83,4.5,3.25,1.91,4.5,3.6,1.75,48,26.0,-0.75,1.92,1.86,4.51,1.81,2.07,3.47,1.81,2.03,1.93,4.8,1.85,2.12,3.67,1.91,44,20/11/11,E0,2,1,A,4.5,3.3,1.8,6,13,0,18,5,1,0,A,3,Chelsea,4.3,3.4,1.75,4.5,3.4,1.83,,,,L Probert,4.333,3.5,1.8,4.33,3.5,1.91,4.75,3.6,1.85,4.5,3.1,1.91
138,10,9,1,17,9,1,Liverpool,2.1,3.4,3.5,2.2,3.2,3.4,2.2,3.3,3.4,45,27.0,0.25,1.74,2.07,2.17,1.88,1.98,3.27,3.37,1.8,2.18,2.25,1.93,2.05,3.43,3.6,42,05/12/11,E0,0,1,H,2.2,3.25,3.2,2,12,0,19,13,0,0,D,3,Fulham,2.1,3.2,3.2,2.1,3.4,3.4,,,,K Friend,2.1,3.3,3.4,2.1,3.3,3.6,2.2,3.4,3.5,2.25,3.2,3.3
155,10,14,0,19,12,2,Liverpool,1.91,3.4,4.2,1.91,3.4,4.0,1.95,3.4,4.1,45,22.0,0.5,1.71,2.11,1.93,1.9,1.98,3.38,4.06,1.8,2.22,2.0,1.95,2.27,3.56,4.55,43,18/12/11,E0,2,0,A,1.95,3.4,3.75,4,5,0,16,8,2,0,A,1,Aston Villa,2.0,3.2,3.4,1.95,3.3,4.0,,,,P Walton,1.95,3.4,3.75,1.95,3.3,4.2,1.91,3.5,4.5,1.91,3.4,4.0
167,14,12,0,18,10,2,Liverpool,1.5,4.0,7.0,1.53,3.8,6.5,1.53,4.1,6.5,48,26.0,1.0,1.82,1.97,1.51,1.89,1.97,3.9,6.96,1.9,2.08,1.57,1.94,2.03,4.33,7.69,45,21/12/11,E0,0,0,D,1.5,3.75,7.0,7,16,0,15,10,0,0,D,1,Wigan,1.57,3.6,5.4,1.5,3.75,7.0,,,,M Oliver,1.5,3.8,7.0,1.53,3.9,6.5,1.53,4.0,7.5,1.5,4.0,7.0
194,6,7,0,18,10,2,Liverpool,4.2,3.4,1.91,4.33,3.5,1.83,4.2,3.5,1.91,41,20.0,-0.5,1.81,1.98,4.32,1.97,1.92,3.4,1.89,1.91,2.14,4.6,2.29,1.97,3.6,1.97,39,03/01/12,E0,0,3,H,4.0,3.3,1.9,5,13,1,10,8,0,2,H,1,Man City,4.0,3.4,1.8,4.5,3.3,1.85,,,,M Jones,4.333,3.4,1.833,4.5,3.4,1.83,4.4,3.5,1.91,4.5,3.5,1.8
210,5,13,0,11,8,2,Liverpool,1.62,3.75,6.0,1.67,3.6,5.5,1.6,3.8,5.5,39,21.0,1.0,1.96,1.82,1.62,2.04,1.82,3.7,5.87,2.08,1.89,1.67,2.11,1.87,4.02,6.53,37,21/01/12,E0,1,3,H,1.62,3.6,5.5,5,10,0,15,8,1,2,H,0,Bolton,1.65,3.5,4.6,1.67,3.5,5.5,,,,K Friend,1.615,3.6,5.75,1.62,3.8,5.75,1.615,4.0,6.5,1.67,3.4,6.0
224,4,8,0,23,14,3,Liverpool,1.7,3.8,5.0,1.73,3.5,5.0,1.65,3.6,5.25,40,19.0,0.75,1.83,1.96,1.7,1.92,1.96,3.66,5.16,1.92,2.05,1.75,1.98,2.02,3.93,5.74,38,31/01/12,E0,3,0,A,1.7,3.6,4.75,5,6,0,5,1,0,0,D,1,Wolves,1.7,3.5,4.4,1.73,3.5,5.0,,,,A Taylor,1.7,3.5,5.0,1.7,3.6,5.25,1.7,3.8,5.4,1.7,3.75,4.8
244,3,11,0,9,6,1,Liverpool,4.33,3.6,1.85,4.2,3.5,1.83,4.4,3.6,1.83,37,17.0,-0.5,1.84,1.95,4.3,2.03,1.86,3.49,1.85,1.91,2.1,4.52,2.33,1.91,3.68,1.95,34,11/02/12,E0,1,2,H,4.33,3.5,1.8,4,10,0,11,6,0,0,D,1,Man United,4.0,3.4,1.8,4.2,3.3,1.83,,,,P Dowd,4.2,3.5,1.833,4.5,3.5,1.83,4.33,3.6,1.9,4.0,3.5,1.91
273,2,15,0,9,5,1,Liverpool,2.0,3.4,3.8,2.0,3.4,3.75,2.0,3.3,4.1,37,15.0,0.5,1.7,2.1,1.98,1.96,1.92,3.34,3.87,1.79,2.22,2.01,2.06,1.96,3.47,4.33,33,10/03/12,E0,0,1,H,2.0,3.3,3.6,3,13,0,6,1,0,0,D,1,Sunderland,2.0,3.3,3.3,2.0,3.3,3.75,,,,A Taylor,2.0,3.4,3.6,2.0,3.3,3.9,2.0,3.4,4.1,2.0,3.2,4.0
287,17,6,0,18,11,0,Liverpool,1.73,3.6,5.0,1.8,3.5,4.5,1.78,3.6,4.75,38,15.0,0.75,1.83,1.95,1.79,2.04,1.83,3.52,4.59,1.94,2.05,1.83,2.09,1.86,3.8,5.0,37,21/03/12,E0,2,3,H,1.75,3.6,4.33,7,8,0,10,5,0,0,D,0,QPR,1.8,3.4,4.0,1.8,3.5,4.5,,,,H Webb,1.75,3.5,4.5,1.8,3.5,4.75,1.83,3.7,4.8,1.8,3.5,4.5
306,6,11,1,9,6,3,Liverpool,2.4,3.4,2.88,2.4,3.4,2.88,2.3,3.4,3.1,41,20.0,0.0,1.88,1.91,2.37,1.68,2.2,3.35,2.95,1.99,2.0,2.5,1.73,2.33,3.54,3.2,40,01/04/12,E0,0,2,H,2.35,3.3,2.9,3,10,0,11,7,0,1,H,3,Newcastle,2.4,3.2,2.7,2.5,3.25,2.62,,,,M Atkinson,2.35,3.3,2.9,2.5,3.3,2.88,2.38,3.5,3.12,2.38,3.4,2.9
324,4,12,1,16,12,5,Liverpool,2.1,3.4,3.5,2.1,3.4,3.5,2.1,3.4,3.6,39,17.0,0.5,1.96,1.83,2.09,2.08,1.81,3.37,3.49,2.04,1.91,2.2,2.12,1.84,3.53,3.8,36,10/04/12,E0,3,2,A,2.05,3.4,3.4,4,16,0,10,4,2,1,A,4,Blackburn,2.1,3.2,3.2,2.1,3.3,3.6,,,,A Taylor,2.1,3.3,3.4,2.1,3.4,3.5,2.15,3.4,3.7,2.0,3.2,3.2
347,7,4,0,15,9,0,Liverpool,2.0,3.4,3.8,2.0,3.3,3.6,1.95,3.5,3.7,41,19.0,0.25,2.08,1.73,1.99,1.71,2.2,3.45,3.7,2.19,1.81,2.1,1.73,2.29,3.69,4.05,39,28/04/12,E0,3,0,A,2.0,3.4,3.5,5,9,0,8,3,2,0,A,4,Norwich,2.1,3.3,3.1,2.0,3.5,3.6,,,,M Halsey,2.0,3.4,3.6,2.05,3.4,3.6,2.0,3.6,4.0,2.0,3.5,3.6
376,5,5,0,14,9,1,Liverpool,2.1,3.5,3.4,2.1,3.4,3.1,2.05,3.6,3.3,39,20.0,0.25,2.11,1.71,2.1,1.81,2.06,3.45,3.38,2.24,1.77,2.2,1.84,2.13,3.72,3.66,33,13/05/12,E0,0,1,H,2.1,3.3,3.25,6,5,0,13,8,0,0,D,1,Swansea,2.2,3.2,3.0,2.0,3.4,3.4,,,,M Halsey,2.1,3.5,3.25,2.1,3.5,3.25,2.1,3.6,3.6,2.15,3.3,3.4
19,4,12,0,13,7,1,Liverpool,3.1,3.25,2.38,2.88,3.25,2.38,3.05,3.2,2.25,35,25.0,0.0,1.62,2.2,3.11,2.2,1.63,3.22,2.33,1.7,2.38,3.42,2.38,1.7,3.27,2.4,29,23/08/10,E0,0,3,H,3.0,3.25,2.3,5,13,0,8,3,0,1,H,1,Man City,2.7,3.2,2.4,3.0,3.25,2.38,,,,P Dowd,3.0,3.2,2.2,3.1,3.25,2.3,3.2,3.2,2.38,3.1,3.1,2.4
38,3,9,0,14,8,0,Liverpool,2.4,3.2,3.1,2.4,3.25,2.88,2.15,3.25,3.25,29,20.0,0.0,1.63,2.2,2.32,1.64,2.19,3.22,3.12,1.7,2.34,2.45,1.7,2.38,3.3,3.31,24,12/09/10,E0,0,0,D,2.3,3.2,3.0,4,8,0,15,3,0,0,D,1,Birmingham,2.3,3.2,2.8,2.2,3.3,3.3,,,,M Halsey,2.1,3.2,3.2,2.38,3.2,3.2,2.38,3.2,3.2,2.2,3.25,3.3
48,1,10,0,7,1,1,Liverpool,5.5,3.5,1.7,5.0,3.5,1.73,5.0,3.6,1.65,29,14.0,0.0,1.74,2.04,5.22,3.73,1.24,3.57,1.7,1.79,2.17,5.7,4.0,1.27,3.82,1.74,27,19/09/10,E0,2,3,H,5.0,3.5,1.7,6,15,0,16,7,0,1,H,4,Man United,4.3,3.4,1.75,5.0,3.5,1.73,,,,H Webb,5.0,3.4,1.65,5.5,3.5,1.73,5.5,3.75,1.73,5.5,3.5,1.67
78,7,9,0,15,9,2,Liverpool,3.0,3.25,2.4,2.88,3.25,2.4,2.95,3.3,2.45,31,25.0,0.0,1.64,2.19,2.95,2.1,1.72,3.21,2.42,1.73,2.35,3.12,2.17,1.83,3.3,2.55,27,17/10/10,E0,0,2,H,2.9,3.2,2.4,8,10,0,9,6,0,1,H,2,Everton,2.6,3.2,2.5,3.0,3.25,2.38,,,,H Webb,2.88,3.2,2.25,3.0,3.25,2.5,3.1,3.12,2.4,3.0,3.2,2.4
97,4,13,0,10,4,2,Liverpool,2.2,3.25,3.4,2.3,3.3,3.0,2.15,3.25,3.25,32,22.0,0.0,1.72,2.09,2.27,1.58,2.31,3.27,3.21,1.8,2.18,2.32,1.62,2.49,3.4,3.49,28,31/10/10,E0,1,0,A,2.25,3.2,3.1,1,15,0,14,10,0,0,D,2,Bolton,2.3,3.2,2.8,2.2,3.3,3.3,,,,M Atkinson,2.25,3.25,2.85,2.3,3.4,3.2,2.3,3.3,3.4,2.25,3.3,3.2
118,4,10,0,8,3,2,Liverpool,1.75,3.6,4.75,1.8,3.4,4.5,1.7,3.7,4.5,36,20.0,0.0,1.64,2.19,1.76,1.3,3.34,3.58,4.62,1.7,2.32,1.81,1.33,3.6,3.82,5.0,32,10/11/10,E0,1,1,D,1.75,3.5,4.5,5,7,0,10,8,1,0,A,0,Wigan,1.75,3.4,4.3,1.73,3.75,4.5,,,,P Walton,1.75,3.4,4.2,1.8,3.5,5.0,1.8,3.75,5.0,1.73,3.6,4.8
123,3,10,1,10,6,3,Liverpool,2.1,3.25,3.75,2.05,3.2,3.6,1.85,3.4,4.1,37,21.0,0.0,1.67,2.15,2.06,1.44,2.64,3.25,3.7,1.73,2.25,2.19,1.5,2.8,3.4,3.97,33,13/11/10,E0,0,2,H,2.05,3.2,3.6,4,14,0,14,7,0,0,D,2,Stoke,1.9,3.3,3.7,2.0,3.4,3.75,,,,M Halsey,1.9,3.25,3.75,2.0,3.4,3.75,2.05,3.4,4.0,2.15,3.1,3.6
149,8,16,0,12,8,5,Liverpool,3.8,3.4,2.0,3.5,3.2,2.1,3.5,3.4,2.15,37,21.0,0.0,1.87,1.88,3.63,2.51,1.49,3.34,2.06,2.03,2.0,4.0,2.78,1.53,3.5,2.12,35,28/11/10,E0,1,2,H,3.6,3.3,2.0,5,6,0,20,13,1,0,A,0,Tottenham,3.2,3.2,2.1,3.5,3.3,2.1,,,,M Atkinson,3.4,3.25,2.0,3.4,3.4,2.1,3.8,3.4,2.1,4.0,3.2,2.0
162,5,13,0,16,7,1,Liverpool,2.0,3.4,3.8,2.1,3.2,3.5,2.1,3.4,3.6,38,22.0,0.0,1.85,1.93,2.08,1.48,2.55,3.31,3.57,1.94,1.98,2.23,1.54,2.65,3.5,3.76,36,11/12/10,E0,1,3,H,2.0,3.4,3.6,2,19,0,8,5,0,1,H,2,Newcastle,2.2,3.2,3.0,2.0,3.4,3.75,,,,L Mason,2.05,3.2,3.3,2.1,3.25,3.6,2.1,3.5,3.75,2.1,3.25,3.5
205,7,13,0,13,9,1,Liverpool,2.2,3.25,3.4,2.25,3.25,3.1,2.15,3.25,3.25,36,19.0,0.0,1.75,2.04,2.15,1.53,2.4,3.28,3.39,1.81,2.14,2.25,1.62,2.59,3.42,3.84,34,05/01/11,E0,1,3,H,2.1,3.25,3.4,0,14,0,10,4,0,2,H,1,Blackburn,2.2,3.2,3.0,2.2,3.25,2.75,,,,A Marriner,2.1,3.2,3.2,2.25,3.25,3.2,2.15,3.3,3.75,2.15,3.3,3.4
210,3,13,0,10,6,3,Liverpool,1.91,3.75,3.8,1.91,3.5,3.75,1.9,3.6,3.6,37,21.0,0.5,2.07,1.73,1.91,1.93,1.94,3.57,3.87,2.16,1.8,1.96,1.98,1.99,3.82,4.21,36,12/01/11,E0,1,2,H,1.9,3.5,3.75,3,6,0,13,9,1,1,D,1,Blackpool,1.9,3.3,3.7,1.91,3.4,4.0,,,,M Oliver,1.85,3.5,3.6,2.0,3.5,3.6,1.91,3.75,4.0,1.91,3.6,3.8
228,4,17,0,15,10,3,Liverpool,2.25,3.2,3.4,2.3,3.2,3.1,2.2,3.25,3.15,33,23.0,0.0,1.71,2.08,2.27,1.6,2.27,3.22,3.21,1.79,2.17,2.35,1.67,2.42,3.32,3.51,34,22/01/11,E0,3,0,A,2.25,3.2,3.1,5,6,0,11,4,1,0,A,0,Wolves,2.1,3.3,3.1,2.25,3.25,3.25,,,,M Atkinson,2.1,3.2,3.2,2.2,3.2,3.4,2.3,3.3,3.4,2.38,3.0,3.2
252,3,9,0,7,4,1,Liverpool,5.5,4.0,1.62,5.5,3.75,1.62,5.25,3.65,1.62,36,18.0,-1.0,1.81,1.96,5.57,1.83,2.04,3.87,1.6,1.93,2.05,6.33,1.87,2.12,4.2,1.64,36,06/02/11,E0,1,0,A,5.5,3.75,1.6,4,9,0,14,4,0,0,D,1,Chelsea,5.0,3.6,1.6,5.5,3.75,1.62,,,,A Marriner,5.25,3.6,1.57,5.0,4.2,1.62,6.0,4.0,1.62,6.0,3.6,1.62
274,8,8,0,12,8,1,Liverpool,2.2,3.3,3.4,2.05,3.25,3.6,2.15,3.1,3.4,34,23.0,0.0,1.68,2.12,2.15,1.53,2.46,3.27,3.44,1.74,2.21,2.29,1.59,2.63,3.4,3.75,32,27/02/11,E0,1,3,H,2.1,3.2,3.5,6,10,0,17,11,0,2,H,0,West Ham,2.0,3.3,3.3,2.1,3.3,3.5,,,,M Halsey,2.0,3.25,3.4,2.1,3.4,3.6,2.2,3.4,3.6,2.25,3.1,3.4
297,6,7,0,10,4,3,Liverpool,2.75,3.2,2.63,2.62,3.25,2.62,2.65,3.1,2.6,38,30.0,0.0,1.61,2.27,2.72,1.95,1.87,3.19,2.65,1.67,2.42,2.85,2.02,1.94,3.3,2.77,32,20/03/11,E0,2,0,A,2.6,3.25,2.6,3,11,1,3,1,1,0,A,3,Sunderland,2.4,3.2,2.7,2.62,3.3,2.62,,,,K Friend,2.55,3.1,2.6,2.75,3.2,2.7,2.88,3.25,2.62,2.8,3.1,2.62
303,5,15,0,13,9,3,Liverpool,2.38,3.3,3.0,2.38,3.25,2.9,2.25,3.2,3.1,39,29.0,0.0,1.73,2.06,2.37,1.68,2.16,3.26,3.04,1.8,2.14,2.46,1.74,2.28,3.4,3.2,37,02/04/11,E0,1,2,H,2.3,3.25,3.0,0,10,0,17,14,0,0,D,2,West Brom,2.2,3.3,2.9,2.3,3.25,3.1,,,,M Atkinson,2.3,3.2,2.8,2.38,3.25,3.0,2.4,3.3,3.12,2.4,3.2,3.0
323,3,13,0,9,5,4,Liverpool,5.0,3.6,1.73,4.5,3.5,1.75,4.75,3.5,1.7,36,17.0,-0.75,1.93,1.86,4.99,1.97,1.91,3.63,1.72,2.01,1.91,5.59,2.01,1.93,4.0,1.75,36,17/04/11,E0,1,1,D,4.5,3.75,1.7,10,13,0,12,6,0,0,D,2,Arsenal,4.3,3.4,1.75,5.0,3.5,1.73,,,,A Marriner,4.33,3.5,1.7,5.0,3.75,1.73,5.25,3.8,1.7,5.5,3.1,1.8
358,5,11,0,16,11,2,Liverpool,2.5,3.25,2.88,2.38,3.25,2.88,2.3,3.25,2.95,38,26.0,0.0,1.7,2.11,2.45,1.74,2.09,3.25,2.91,1.76,2.19,2.55,1.8,2.2,3.35,3.05,32,09/05/11,E0,5,2,A,2.4,3.2,2.9,6,18,0,10,7,3,0,A,5,Fulham,2.3,3.2,2.8,2.5,3.3,2.8,,,,L Mason,2.35,3.2,2.75,2.5,3.25,3.0,2.5,3.3,3.0,2.5,3.2,2.8
370,5,12,0,9,4,2,Liverpool,2.25,3.4,3.2,2.25,3.25,3.0,2.15,3.35,3.15,40,21.0,0.25,1.93,1.85,2.28,1.98,1.9,3.3,3.11,2.02,1.92,2.38,2.03,1.94,3.47,3.34,39,22/05/11,E0,0,1,H,2.25,3.3,3.0,4,12,0,10,8,0,1,H,2,Aston Villa,2.3,3.2,2.8,2.38,3.25,3.0,,,,L Probert,2.25,3.2,2.9,2.25,3.3,3.0,2.3,3.4,3.25,2.3,3.2,2.62
